slug,name,team,location,opponent,outcome,seconds_played,made_field_goals,attempted_field_goals,made_three_point_field_goals,attempted_three_point_field_goals,made_free_throws,attempted_free_throws,offensive_rebounds,defensive_rebounds,assists,steals,blocks,turnovers,personal_fouls,game_score
hardeja01,James Harden,HOUSTON ROCKETS,AWAY,GOLDEN STATE WARRIORS,LOSS,2405,10,21,6,10,11,13,0,5,5,3,1,1,2,32.4
curryst01,Stephen Curry,GOLDEN STATE WARRIORS,HOME,HOUSTON ROCKETS,WIN,2261,12,24,7,16,4,4,1,4,9,1,0,1,2,30.4
walljo01,John Wall,WASHINGTON WIZARDS,AWAY,NEW YORK KNICKS,WIN,2591,10,24,3,5,5,6,0,5,17,1,0,1,1,27.8
monrogr01,Greg Monroe,MILWAUKEE BUCKS,HOME,BOSTON CELTICS,WIN,1772,13,21,0,0,3,6,6,6,3,1,2,3,1,25.4
aldrila01,LaMarcus Aldridge,SAN ANTONIO SPURS,AWAY,MIAMI HEAT,WIN,1921,10,16,0,0,8,8,0,4,4,0,1,0,1,25.1
anthoca01,Carmelo Anthony,NEW YORK KNICKS,HOME,WASHINGTON WIZARDS,LOSS,2322,12,22,3,6,6,6,1,12,2,2,0,4,3,24.9
bealbr01,Bradley Beal,WASHINGTON WIZARDS,AWAY,NEW YORK KNICKS,WIN,1917,8,14,5,8,5,9,0,3,2,4,1,2,0,22.8
leonaka01,Kawhi Leonard,SAN ANTONIO SPURS,AWAY,MIAMI HEAT,WIN,2009,11,17,1,1,0,0,2,7,4,3,1,3,1,22.1
hoodro01,Rodney Hood,UTAH JAZZ,AWAY,DALLAS MAVERICKS,WIN,2592,12,26,2,8,3,4,0,5,5,0,0,0,1,19.8
feltora01,Raymond Felton,DALLAS MAVERICKS,HOME,UTAH JAZZ,LOSS,1682,5,9,1,2,6,6,1,6,5,1,0,0,2,18.9
bogutan01,Andrew Bogut,GOLDEN STATE WARRIORS,HOME,HOUSTON ROCKETS,WIN,1722,5,10,0,0,3,4,5,6,1,3,6,2,4,17.2
barneha02,Harrison Barnes,GOLDEN STATE WARRIORS,HOME,HOUSTON ROCKETS,WIN,1904,8,12,2,4,1,1,3,4,2,0,0,1,1,17.1
crowdja01,Jae Crowder,BOSTON CELTICS,AWAY,MILWAUKEE BUCKS,LOSS,1894,7,12,3,6,1,1,0,5,2,2,0,0,1,16.9
greenda02,Danny Green,SAN ANTONIO SPURS,AWAY,MIAMI HEAT,WIN,1880,6,10,2,4,1,2,2,5,3,3,1,1,2,16.9
willide01,Deron Williams,DALLAS MAVERICKS,HOME,UTAH JAZZ,LOSS,2493,5,12,2,3,11,13,0,2,5,1,0,3,3,16.7
wadedw01,Dwyane Wade,MIAMI HEAT,HOME,SAN ANTONIO SPURS,LOSS,1850,9,12,0,0,2,3,0,0,5,1,0,2,2,16.5
porzikr01,Kristaps Porzingis,NEW YORK KNICKS,HOME,WASHINGTON WIZARDS,LOSS,1774,8,14,2,6,2,2,2,3,3,0,3,3,2,16.1
arizatr01,Trevor Ariza,HOUSTON ROCKETS,AWAY,GOLDEN STATE WARRIORS,LOSS,2393,7,13,4,7,1,2,3,4,0,2,0,1,3,15.4
goberru01,Rudy Gobert,UTAH JAZZ,AWAY,DALLAS MAVERICKS,WIN,2236,5,6,0,0,4,6,3,7,3,0,1,2,3,14.8
cartemi01,Michael Carter-Williams,MILWAUKEE BUCKS,HOME,BOSTON CELTICS,WIN,1561,6,8,0,1,4,6,1,5,5,1,0,2,5,14.7
bradlav01,Avery Bradley,BOSTON CELTICS,AWAY,MILWAUKEE BUCKS,LOSS,2290,7,12,4,9,0,0,0,4,4,2,0,3,2,14.6
antetgi01,Giannis Antetokounmpo,MILWAUKEE BUCKS,HOME,BOSTON CELTICS,WIN,2210,6,12,0,1,2,2,1,2,2,2,3,0,2,14.0
favorde01,Derrick Favors,UTAH JAZZ,AWAY,DALLAS MAVERICKS,WIN,2101,7,14,0,0,2,4,3,5,6,1,0,2,3,13.8
iguodan01,Andre Iguodala,GOLDEN STATE WARRIORS,HOME,HOUSTON ROCKETS,WIN,1864,4,8,2,4,2,2,1,5,6,0,0,1,0,13.4
lopezro01,Robin Lopez,NEW YORK KNICKS,HOME,WASHINGTON WIZARDS,LOSS,1633,6,9,0,0,2,2,2,6,1,0,1,1,1,13.3
porteot01,Otto Porter,WASHINGTON WIZARDS,AWAY,NEW YORK KNICKS,WIN,1692,5,6,3,3,0,0,0,2,2,1,0,0,3,12.6
matthwe02,Wesley Matthews,DALLAS MAVERICKS,HOME,UTAH JAZZ,LOSS,2525,5,9,2,5,4,4,1,1,3,0,0,1,4,12.2
olynyke01,Kelly Olynyk,BOSTON CELTICS,AWAY,MILWAUKEE BUCKS,LOSS,950,5,9,1,4,4,4,2,1,0,1,0,0,3,12.2
parsoch01,Chandler Parsons,DALLAS MAVERICKS,HOME,UTAH JAZZ,LOSS,2144,8,16,3,8,5,7,0,1,0,1,1,3,5,12.2
gortama01,Marcin Gortat,WASHINGTON WIZARDS,AWAY,NEW YORK KNICKS,WIN,1663,6,9,0,0,2,2,1,9,1,0,2,2,4,12.0
dudleja01,Jared Dudley,WASHINGTON WIZARDS,AWAY,NEW YORK KNICKS,WIN,1842,5,8,4,5,0,0,0,3,2,2,0,2,2,11.9
gallola01,Langston Galloway,NEW YORK KNICKS,HOME,WASHINGTON WIZARDS,LOSS,1717,6,11,2,5,0,0,0,5,5,2,0,2,5,11.7
middlkh01,Khris Middleton,MILWAUKEE BUCKS,HOME,BOSTON CELTICS,WIN,2302,6,16,2,7,6,8,1,4,5,0,0,3,3,11.6
haywago01,Gordon Hayward,UTAH JAZZ,AWAY,DALLAS MAVERICKS,WIN,2710,8,20,0,6,4,5,0,5,4,1,0,1,4,11.5
udrihbe01,Beno Udrih,MIAMI HEAT,HOME,SAN ANTONIO SPURS,LOSS,1130,5,7,0,0,3,3,1,0,3,0,0,1,1,11.5
nowitdi01,Dirk Nowitzki,DALLAS MAVERICKS,HOME,UTAH JAZZ,LOSS,2384,6,14,1,6,4,4,0,9,0,1,0,1,4,10.7
jerebjo01,Jonas Jerebko,BOSTON CELTICS,AWAY,MILWAUKEE BUCKS,LOSS,923,6,8,1,1,0,0,1,4,0,0,0,0,3,10.5
whiteha01,Hassan Whiteside,MIAMI HEAT,HOME,SAN ANTONIO SPURS,LOSS,1514,6,9,0,0,2,3,0,6,0,0,2,1,4,10.3
pachuza01,Zaza Pachulia,DALLAS MAVERICKS,HOME,UTAH JAZZ,LOSS,2485,1,4,0,0,5,6,4,7,5,0,0,2,1,10.2
marjabo01,Boban Marjanovic,SAN ANTONIO SPURS,AWAY,MIAMI HEAT,WIN,795,3,5,0,0,5,7,2,4,0,1,0,1,1,10.1
greendr01,Draymond Green,GOLDEN STATE WARRIORS,HOME,HOUSTON ROCKETS,WIN,1896,2,3,0,0,4,4,2,7,5,0,0,2,5,9.7
howardw01,Dwight Howard,HOUSTON ROCKETS,AWAY,GOLDEN STATE WARRIORS,LOSS,2068,7,12,0,0,2,10,4,11,2,0,1,4,5,9.4
smartma01,Marcus Smart,BOSTON CELTICS,AWAY,MILWAUKEE BUCKS,LOSS,1248,3,8,1,5,5,6,1,3,2,2,0,2,2,9.4
thornma01,Marcus Thornton,HOUSTON ROCKETS,AWAY,GOLDEN STATE WARRIORS,LOSS,1519,5,12,1,5,4,4,0,1,3,1,1,2,4,9.1
lylestr01,Trey Lyles,UTAH JAZZ,AWAY,DALLAS MAVERICKS,WIN,859,4,7,0,2,3,4,1,2,2,0,0,1,1,8.6
thomais02,Isaiah Thomas,BOSTON CELTICS,AWAY,MILWAUKEE BUCKS,LOSS,1865,4,9,0,2,7,7,0,0,2,2,0,4,3,8.5
johnsch04,Chris Johnson,UTAH JAZZ,AWAY,DALLAS MAVERICKS,WIN,1287,1,2,1,2,2,2,3,4,1,0,1,0,1,8.3
beverpa01,Patrick Beverley,HOUSTON ROCKETS,AWAY,GOLDEN STATE WARRIORS,LOSS,1931,2,7,0,2,3,4,2,2,7,2,0,2,3,8.2
denglu01,Luol Deng,MIAMI HEAT,HOME,SAN ANTONIO SPURS,LOSS,1558,3,7,2,5,3,5,0,2,0,1,0,0,0,8.1
speigma01,Marreese Speights,GOLDEN STATE WARRIORS,HOME,HOUSTON ROCKETS,WIN,727,5,9,1,2,4,5,0,4,0,0,0,2,4,7.9
boshch01,Chris Bosh,MIAMI HEAT,HOME,SAN ANTONIO SPURS,LOSS,2088,6,12,0,2,6,6,0,5,2,1,0,7,3,7.7
turneev01,Evan Turner,BOSTON CELTICS,AWAY,MILWAUKEE BUCKS,LOSS,1790,2,8,0,0,2,2,3,3,10,0,1,4,1,7.5
parketo01,Tony Parker,SAN ANTONIO SPURS,AWAY,MIAMI HEAT,WIN,1671,3,10,0,0,1,1,0,2,5,2,0,0,0,7.3
booketr01,Trevor Booker,UTAH JAZZ,AWAY,DALLAS MAVERICKS,WIN,1151,4,4,0,0,0,0,3,1,0,0,0,1,3,7.0
millspa02,Patty Mills,SAN ANTONIO SPURS,AWAY,MIAMI HEAT,WIN,931,2,6,2,5,2,3,1,2,1,1,0,0,1,6.8
afflaar01,Arron Afflalo,NEW YORK KNICKS,HOME,WASHINGTON WIZARDS,LOSS,2298,5,7,1,2,0,0,0,2,0,0,0,1,3,6.5
bareajo01,J.J. Barea,DALLAS MAVERICKS,HOME,UTAH JAZZ,LOSS,892,2,5,1,2,0,0,0,1,6,0,0,0,1,6.4
bayleje01,Jerryd Bayless,MILWAUKEE BUCKS,HOME,BOSTON CELTICS,WIN,1922,5,9,4,6,0,0,0,1,2,0,0,3,5,6.4
willide02,Derrick Williams,NEW YORK KNICKS,HOME,WASHINGTON WIZARDS,LOSS,558,2,2,0,0,2,2,0,2,0,0,0,0,0,6.0
parkeja01,Jabari Parker,MILWAUKEE BUCKS,HOME,BOSTON CELTICS,WIN,1594,5,12,0,0,0,1,1,2,2,1,0,1,0,5.9
greenge01,Gerald Green,MIAMI HEAT,HOME,SAN ANTONIO SPURS,LOSS,1392,3,7,2,4,0,0,0,5,0,0,0,0,0,5.8
poweldw01,Dwight Powell,DALLAS MAVERICKS,HOME,UTAH JAZZ,LOSS,695,3,3,0,0,1,1,0,2,0,0,0,1,0,5.7
dragigo01,Goran Dragic,MIAMI HEAT,HOME,SAN ANTONIO SPURS,LOSS,1877,5,9,0,0,0,2,0,1,6,1,0,4,2,5.6
westda01,David West,SAN ANTONIO SPURS,AWAY,MIAMI HEAT,WIN,1355,2,4,0,0,2,2,1,2,3,0,1,1,4,5.5
mcrobjo01,Josh McRoberts,MIAMI HEAT,HOME,SAN ANTONIO SPURS,LOSS,647,1,2,0,0,0,0,0,3,2,2,1,0,2,5.2
breweco01,Corey Brewer,HOUSTON ROCKETS,AWAY,GOLDEN STATE WARRIORS,LOSS,1704,3,9,1,5,2,2,1,4,2,0,0,1,3,5.0
netora01,Raul Neto,UTAH JAZZ,AWAY,DALLAS MAVERICKS,WIN,1127,3,4,1,2,1,2,0,0,2,1,0,1,6,5.0
capelca01,Clint Capela,HOUSTON ROCKETS,AWAY,GOLDEN STATE WARRIORS,LOSS,805,2,4,0,0,0,0,3,3,1,0,1,1,2,4.6
plumlmi01,Miles Plumlee,MILWAUKEE BUCKS,HOME,BOSTON CELTICS,WIN,1108,3,6,0,0,0,0,1,4,0,0,1,1,0,4.6
serapke01,Kevin Seraphin,NEW YORK KNICKS,HOME,WASHINGTON WIZARDS,LOSS,900,4,6,0,0,0,0,0,2,3,0,1,3,3,4.6
simmojo02,Jonathon Simmons,SAN ANTONIO SPURS,AWAY,MIAMI HEAT,WIN,1363,5,9,0,0,0,1,1,3,1,0,0,2,3,4.4
diawbo01,Boris Diaw,SAN ANTONIO SPURS,AWAY,MIAMI HEAT,WIN,1523,4,8,1,2,0,2,2,3,2,0,0,2,4,4.3
stoudam01,Amar'e Stoudemire,MIAMI HEAT,HOME,SAN ANTONIO SPURS,LOSS,759,1,3,0,0,0,0,0,8,2,0,2,0,3,4.3
johnsam01,Amir Johnson,BOSTON CELTICS,AWAY,MILWAUKEE BUCKS,LOSS,1612,2,6,0,0,2,2,2,2,2,2,1,3,4,4.1
sullija01,Jared Sullinger,BOSTON CELTICS,AWAY,MILWAUKEE BUCKS,LOSS,1227,2,8,0,2,0,0,3,8,5,0,0,2,3,4.0
livinsh01,Shaun Livingston,GOLDEN STATE WARRIORS,HOME,HOUSTON ROCKETS,WIN,956,1,2,0,0,2,2,0,2,2,1,0,1,4,3.4
sessira01,Ramon Sessions,WASHINGTON WIZARDS,AWAY,NEW YORK KNICKS,WIN,739,2,5,0,1,3,6,0,2,1,0,0,1,0,3.4
zellety01,Tyler Zeller,BOSTON CELTICS,AWAY,MILWAUKEE BUCKS,LOSS,601,1,4,0,0,2,2,1,1,1,0,0,0,1,2.9
vaughra01,Rashad Vaughn,MILWAUKEE BUCKS,HOME,BOSTON CELTICS,WIN,822,1,2,1,2,0,0,0,2,0,0,0,0,0,2.6
vujacsa01,Sasha Vujacic,NEW YORK KNICKS,HOME,WASHINGTON WIZARDS,LOSS,858,0,3,0,2,0,0,2,4,2,1,0,0,1,2.5
anderju01,Justin Anderson,DALLAS MAVERICKS,HOME,UTAH JAZZ,LOSS,600,1,3,1,3,0,0,0,1,0,1,0,0,1,2.2
smithjo03,Josh Smith,HOUSTON ROCKETS,AWAY,GOLDEN STATE WARRIORS,LOSS,545,1,5,1,2,0,0,0,0,3,0,0,0,0,2.0
caldejo01,Jose Calderon,NEW YORK KNICKS,HOME,WASHINGTON WIZARDS,LOSS,1700,0,4,0,3,0,0,0,3,6,1,0,1,1,1.9
inglejo01,Joe Ingles,UTAH JAZZ,AWAY,DALLAS MAVERICKS,WIN,1106,2,4,2,4,0,0,0,1,0,0,0,2,1,1.9
butlera01,Rasual Butler,SAN ANTONIO SPURS,AWAY,MIAMI HEAT,WIN,674,1,3,0,2,0,0,0,0,2,0,0,0,0,1.7
templga01,Garrett Temple,WASHINGTON WIZARDS,AWAY,NEW YORK KNICKS,WIN,1920,2,4,1,2,0,0,0,1,1,0,0,1,4,1.4
stokeja01,Jarnell Stokes,MIAMI HEAT,HOME,SAN ANTONIO SPURS,LOSS,174,0,0,0,0,1,2,0,0,0,1,0,0,1,1.2
thompkl01,Klay Thompson,GOLDEN STATE WARRIORS,HOME,HOUSTON ROCKETS,WIN,2091,5,19,0,7,3,4,0,2,3,0,0,2,2,1.2
barbole01,Leandro Barbosa,GOLDEN STATE WARRIORS,HOME,HOUSTON ROCKETS,WIN,789,2,7,0,1,0,0,2,0,0,0,0,0,1,0.9
greener01,Erick Green,UTAH JAZZ,AWAY,DALLAS MAVERICKS,WIN,731,2,5,0,2,0,0,0,1,0,0,0,0,2,0.8
hilarne01,Nene Hilario,WASHINGTON WIZARDS,AWAY,NEW YORK KNICKS,WIN,995,1,5,0,0,2,2,1,1,0,0,1,1,2,0.8
mayooj01,O.J. Mayo,MILWAUKEE BUCKS,HOME,BOSTON CELTICS,WIN,1109,0,2,0,2,0,0,0,1,6,0,0,1,4,0.5
harremo01,Montrezl Harrell,HOUSTON ROCKETS,AWAY,GOLDEN STATE WARRIORS,LOSS,74,0,0,0,0,0,0,0,0,0,0,0,0,0,0.0
humphkr01,Kris Humphries,WASHINGTON WIZARDS,AWAY,NEW YORK KNICKS,WIN,230,0,1,0,1,0,0,0,2,0,0,0,0,0,-0.1
oubreke01,Kelly Oubre,WASHINGTON WIZARDS,AWAY,NEW YORK KNICKS,WIN,407,0,0,0,0,0,0,0,1,0,0,0,0,1,-0.1
mccalra01,Ray McCallum,SAN ANTONIO SPURS,AWAY,MIAMI HEAT,WIN,278,0,1,0,0,0,0,0,0,0,0,0,0,0,-0.7
rushbr01,Brandon Rush,GOLDEN STATE WARRIORS,HOME,HOUSTON ROCKETS,WIN,190,0,0,0,0,0,0,0,1,0,0,0,0,3,-0.9
winslju01,Justise Winslow,MIAMI HEAT,HOME,SAN ANTONIO SPURS,LOSS,1412,1,2,0,1,0,0,0,0,1,0,0,2,2,-1.1
goodedr01,Drew Gooden,WASHINGTON WIZARDS,AWAY,NEW YORK KNICKS,WIN,404,0,2,0,1,0,0,0,1,0,0,0,0,1,-1.5
lawsoty01,Ty Lawson,HOUSTON ROCKETS,AWAY,GOLDEN STATE WARRIORS,LOSS,956,0,4,0,2,0,0,0,0,1,0,0,0,0,-2.1
thomala01,Lance Thomas,NEW YORK KNICKS,HOME,WASHINGTON WIZARDS,LOSS,639,1,5,0,2,0,2,0,0,0,0,0,0,1,-2.3
