slug,name,team,location,opponent,outcome,seconds_played,made_field_goals,attempted_field_goals,made_three_point_field_goals,attempted_three_point_field_goals,made_free_throws,attempted_free_throws,offensive_rebounds,defensive_rebounds,assists,steals,blocks,turnovers,personal_fouls,game_score
georgpa01,Paul George,OKLAHOMA CITY THUNDER,AWAY,MIAMI HEAT,WIN,2127,14,23,10,16,5,6,0,7,5,2,0,2,2,36.9
jokicni01,Nikola Jokic,DENVER NUGGETS,HOME,HOUSTON ROCKETS,WIN,1886,12,15,1,2,6,6,4,9,9,1,0,2,4,34.5
beaslma01,Malik Beasley,DENVER NUGGETS,HOME,HOUSTON ROCKETS,WIN,2486,12,17,5,9,6,7,0,2,3,1,0,2,3,28.0
goberru01,Rudy Gobert,UTAH JAZZ,HOME,ATLANTA HAWKS,WIN,1679,7,7,0,0,11,15,2,11,1,0,2,3,5,23.1
hardeja01,James Harden,HOUSTON ROCKETS,AWAY,DENVER NUGGETS,LOSS,2232,9,21,7,14,5,9,2,4,9,2,1,5,2,23.1
schrode01,Dennis Schroder,OKLAHOMA CITY THUNDER,AWAY,MIAMI HEAT,WIN,1762,11,13,4,6,2,2,0,2,0,0,0,1,1,22.5
craigto01,Torrey Craig,DENVER NUGGETS,HOME,HOUSTON ROCKETS,WIN,2058,8,11,2,4,4,4,2,2,2,1,1,0,1,22.2
youngtr01,Trae Young,ATLANTA HAWKS,AWAY,UTAH JAZZ,LOSS,2231,9,20,5,10,5,7,1,2,9,1,0,2,4,21.8
rubiori01,Ricky Rubio,UTAH JAZZ,HOME,ATLANTA HAWKS,WIN,2117,6,11,2,6,8,10,0,2,11,1,0,2,4,21.6
morrimo01,Monte Morris,DENVER NUGGETS,HOME,HOUSTON ROCKETS,WIN,2213,7,11,3,6,1,2,1,5,8,2,0,1,1,21.1
favorde01,Derrick Favors,UTAH JAZZ,HOME,ATLANTA HAWKS,WIN,1598,6,8,0,1,2,2,7,0,4,1,2,1,0,19.9
westbru01,Russell Westbrook,OKLAHOMA CITY THUNDER,AWAY,MIAMI HEAT,WIN,1915,6,10,0,1,2,5,1,11,14,1,1,4,0,19.7
farieke01,Kenneth Faried,HOUSTON ROCKETS,AWAY,DENVER NUGGETS,LOSS,1840,9,13,0,1,5,6,4,2,1,0,0,1,4,18.6
paulch01,Chris Paul,HOUSTON ROCKETS,AWAY,DENVER NUGGETS,LOSS,1754,8,13,3,7,1,1,0,3,6,0,0,1,0,18.2
irvinky01,Kyrie Irving,BOSTON CELTICS,AWAY,NEW YORK KNICKS,WIN,2135,9,20,2,5,3,3,2,8,6,2,0,4,3,17.4
inglejo01,Joe Ingles,UTAH JAZZ,HOME,ATLANTA HAWKS,WIN,1946,7,12,3,6,2,2,1,6,5,0,1,2,2,17.3
macksh01,Shelvin Mack,MEMPHIS GRIZZLIES,AWAY,CHARLOTTE HORNETS,LOSS,2152,8,15,3,5,0,0,0,1,9,2,0,2,3,17.1
olynyke01,Kelly Olynyk,MIAMI HEAT,HOME,OKLAHOMA CITY THUNDER,LOSS,1849,8,12,4,6,1,1,0,7,2,0,1,3,1,16.6
dedmode01,Dewayne Dedmon,ATLANTA HAWKS,AWAY,UTAH JAZZ,LOSS,1685,5,9,3,6,2,2,2,5,2,3,1,1,4,16.1
morrima03,Marcus Morris,BOSTON CELTICS,AWAY,NEW YORK KNICKS,WIN,1779,7,14,4,9,0,0,0,5,1,2,0,0,0,15.2
horfoal01,Al Horford,BOSTON CELTICS,AWAY,NEW YORK KNICKS,WIN,1619,7,12,0,1,0,0,4,5,4,0,1,1,1,14.8
haywago01,Gordon Hayward,BOSTON CELTICS,AWAY,NEW YORK KNICKS,WIN,1263,5,8,2,3,2,2,2,1,2,0,2,0,1,14.5
huertke01,Kevin Huerter,ATLANTA HAWKS,AWAY,UTAH JAZZ,LOSS,1739,5,10,4,7,0,0,0,2,7,0,0,0,0,14.5
noahjo01,Joakim Noah,MEMPHIS GRIZZLIES,AWAY,CHARLOTTE HORNETS,LOSS,1290,4,5,0,0,2,2,4,7,2,0,1,1,1,13.7
gordoer01,Eric Gordon,HOUSTON ROCKETS,AWAY,DENVER NUGGETS,LOSS,1509,6,9,2,5,3,3,0,2,3,0,0,1,3,13.6
monkma01,Malik Monk,CHARLOTTE HORNETS,HOME,MEMPHIS GRIZZLIES,WIN,1538,6,15,4,8,4,4,0,3,0,0,1,0,0,13.5
dotsoda01,Damyean Dotson,NEW YORK KNICKS,HOME,BOSTON CELTICS,LOSS,2260,9,16,4,8,0,0,0,6,0,0,0,2,3,13.0
batumni01,Nicolas Batum,CHARLOTTE HORNETS,HOME,MEMPHIS GRIZZLIES,WIN,2102,2,4,1,2,2,2,2,8,3,2,2,1,2,12.5
rabbiv01,Ivan Rabb,MEMPHIS GRIZZLIES,AWAY,CHARLOTTE HORNETS,LOSS,1663,7,11,0,0,1,3,2,3,2,1,0,1,2,12.2
parketo01,Tony Parker,CHARLOTTE HORNETS,HOME,MEMPHIS GRIZZLIES,WIN,1297,6,9,0,0,3,3,0,1,7,0,0,3,3,12.1
knoxke01,Kevin Knox,NEW YORK KNICKS,HOME,BOSTON CELTICS,LOSS,2414,9,21,2,7,1,1,0,5,2,1,0,1,2,12.0
adebaba01,Bam Adebayo,MIAMI HEAT,HOME,OKLAHOMA CITY THUNDER,LOSS,1491,4,5,0,0,2,3,2,7,2,0,0,0,2,11.8
millspa01,Paul Millsap,DENVER NUGGETS,HOME,HOUSTON ROCKETS,WIN,1682,4,6,2,3,0,0,0,1,6,1,1,1,2,11.8
richajo01,Josh Richardson,MIAMI HEAT,HOME,OKLAHOMA CITY THUNDER,LOSS,2025,7,18,2,8,2,2,2,2,3,2,0,1,4,11.7
willima02,Marvin Williams,CHARLOTTE HORNETS,HOME,MEMPHIS GRIZZLIES,WIN,2002,5,10,3,7,3,4,0,4,0,1,0,0,3,11.6
korveky01,Kyle Korver,UTAH JAZZ,HOME,ATLANTA HAWKS,WIN,1470,6,11,2,5,0,0,0,6,3,0,0,1,1,11.2
walkeke02,Kemba Walker,CHARLOTTE HORNETS,HOME,MEMPHIS GRIZZLIES,WIN,2234,7,17,4,9,5,6,0,3,4,0,0,6,0,11.2
plumlma01,Mason Plumlee,DENVER NUGGETS,HOME,HOUSTON ROCKETS,WIN,1151,4,8,0,1,2,2,1,4,2,0,1,0,1,9.6
kiddgmi01,Michael Kidd-Gilchrist,CHARLOTTE HORNETS,HOME,MEMPHIS GRIZZLIES,WIN,1489,3,6,0,1,4,4,1,3,0,1,1,0,2,9.5
adamsst01,Steven Adams,OKLAHOMA CITY THUNDER,AWAY,MIAMI HEAT,WIN,1631,6,15,0,0,1,1,5,2,2,3,0,3,3,9.2
collijo01,John Collins,ATLANTA HAWKS,AWAY,UTAH JAZZ,LOSS,1622,8,16,0,4,3,4,0,4,1,1,1,3,5,9.2
whiteha01,Hassan Whiteside,MIAMI HEAT,HOME,OKLAHOMA CITY THUNDER,LOSS,1194,6,10,0,0,0,3,5,11,1,1,1,5,3,9.2
crowdja01,Jae Crowder,UTAH JAZZ,HOME,ATLANTA HAWKS,WIN,1807,5,12,3,8,0,0,1,7,1,1,0,2,0,9.1
vonleno01,Noah Vonleh,NEW YORK KNICKS,HOME,BOSTON CELTICS,LOSS,1843,2,9,0,3,3,3,3,8,7,0,0,2,1,8.5
brownja02,Jaylen Brown,BOSTON CELTICS,AWAY,NEW YORK KNICKS,WIN,1273,5,12,0,4,1,1,0,2,1,4,0,1,2,8.1
tatumja01,Jayson Tatum,BOSTON CELTICS,AWAY,NEW YORK KNICKS,WIN,1538,6,15,1,6,0,0,1,4,3,0,1,0,4,8.0
robinmi01,Mitchell Robinson,NEW YORK KNICKS,HOME,BOSTON CELTICS,LOSS,1090,3,4,0,0,2,2,3,5,0,0,1,2,2,7.9
bartowi01,Will Barton,DENVER NUGGETS,HOME,HOUSTON ROCKETS,WIN,1452,3,7,1,3,0,0,1,3,6,0,1,2,1,7.4
roziete01,Terry Rozier,BOSTON CELTICS,AWAY,NEW YORK KNICKS,WIN,1485,2,9,2,5,0,0,0,3,6,1,1,0,0,7.3
carteje01,Jevon Carter,MEMPHIS GRIZZLIES,AWAY,CHARLOTTE HORNETS,LOSS,2059,3,11,2,6,0,0,0,2,3,3,1,0,2,7.1
tuckepj01,P.J. Tucker,HOUSTON ROCKETS,AWAY,DENVER NUGGETS,LOSS,2035,2,6,1,5,0,0,1,4,2,3,0,0,2,7.1
holidju01,Justin Holiday,MEMPHIS GRIZZLIES,AWAY,CHARLOTTE HORNETS,LOSS,2098,6,13,2,6,1,1,0,4,1,1,0,3,3,7.0
winslju01,Justise Winslow,MIAMI HEAT,HOME,OKLAHOMA CITY THUNDER,LOSS,1864,4,11,2,5,0,0,1,1,5,0,0,0,4,6.8
ennisja01,James Ennis,HOUSTON ROCKETS,AWAY,DENVER NUGGETS,LOSS,1471,3,5,1,3,2,2,1,1,0,0,0,0,3,6.5
allenka01,Kadeem Allen,NEW YORK KNICKS,HOME,BOSTON CELTICS,LOSS,2120,2,7,1,2,4,4,0,4,5,0,0,2,3,6.4
mitchdo01,Donovan Mitchell,UTAH JAZZ,HOME,ATLANTA HAWKS,WIN,1974,7,18,0,2,1,1,0,3,5,1,0,3,3,6.4
baynear01,Aron Baynes,BOSTON CELTICS,AWAY,NEW YORK KNICKS,WIN,1276,3,6,1,2,2,4,1,2,0,1,2,1,4,6.3
greenja01,JaMychal Green,MEMPHIS GRIZZLIES,AWAY,CHARLOTTE HORNETS,LOSS,1191,3,6,2,3,2,2,2,1,0,0,0,1,4,6.1
johnsja01,James Johnson,MIAMI HEAT,HOME,OKLAHOMA CITY THUNDER,LOSS,1226,3,7,1,3,1,1,0,3,4,0,0,2,0,6.0
hezonma01,Mario Hezonja,NEW YORK KNICKS,HOME,BOSTON CELTICS,LOSS,1336,4,8,0,4,2,2,0,3,2,0,0,2,1,5.9
wadedw01,Dwyane Wade,MIAMI HEAT,HOME,OKLAHOMA CITY THUNDER,LOSS,1355,2,8,0,3,3,4,1,0,6,3,0,3,2,5.9
grantje01,Jerami Grant,OKLAHOMA CITY THUNDER,AWAY,MIAMI HEAT,WIN,1751,3,10,1,2,1,1,4,3,1,1,0,1,2,5.8
trieral01,Allonzo Trier,NEW YORK KNICKS,HOME,BOSTON CELTICS,LOSS,1547,3,4,1,2,0,0,0,2,4,0,1,3,3,5.3
kornelu01,Luke Kornet,NEW YORK KNICKS,HOME,BOSTON CELTICS,LOSS,991,4,9,1,4,0,0,0,2,0,1,0,1,0,4.9
princta02,Taurean Waller-Prince,ATLANTA HAWKS,AWAY,UTAH JAZZ,LOSS,1350,3,6,1,2,2,2,1,1,1,0,0,1,5,4.7
harteis01,Isaiah Hartenstein,HOUSTON ROCKETS,AWAY,DENVER NUGGETS,LOSS,485,2,4,0,0,0,0,2,1,0,1,1,0,2,4.6
linje01,Jeremy Lin,ATLANTA HAWKS,AWAY,UTAH JAZZ,LOSS,649,1,3,0,1,3,3,0,1,0,1,0,0,0,4.6
gasolma01,Marc Gasol,MEMPHIS GRIZZLIES,AWAY,CHARLOTTE HORNETS,LOSS,1590,3,10,0,4,2,4,0,6,5,0,0,1,3,4.5
lambje01,Jeremy Lamb,CHARLOTTE HORNETS,HOME,MEMPHIS GRIZZLIES,WIN,828,2,7,0,2,2,2,0,3,0,2,0,0,1,4.4
niangge01,Georges Niang,UTAH JAZZ,HOME,ATLANTA HAWKS,WIN,473,2,3,2,3,0,0,0,3,0,0,0,0,3,4.4
bembrde01,DeAndre' Bembry,ATLANTA HAWKS,AWAY,UTAH JAZZ,LOSS,1438,2,7,0,3,2,2,1,7,2,1,0,2,2,4.3
johnsty01,Tyler Johnson,MIAMI HEAT,HOME,OKLAHOMA CITY THUNDER,LOSS,1291,3,7,0,3,0,0,0,1,3,0,0,1,0,3.7
greenge01,Gerald Green,HOUSTON ROCKETS,AWAY,DENVER NUGGETS,LOSS,1470,3,7,1,4,0,0,1,1,1,0,1,1,3,3.5
cabocbr01,Bruno Caboclo,MEMPHIS GRIZZLIES,AWAY,CHARLOTTE HORNETS,LOSS,1378,1,7,0,5,5,5,0,4,1,1,1,2,2,3.3
kanteen01,Enes Kanter,NEW YORK KNICKS,HOME,BOSTON CELTICS,LOSS,799,3,8,0,1,0,0,2,5,1,0,0,2,0,3.2
smartma01,Marcus Smart,BOSTON CELTICS,AWAY,NEW YORK KNICKS,WIN,1711,1,3,1,2,0,0,0,2,2,1,0,0,3,3.1
noelne01,Nerlens Noel,OKLAHOMA CITY THUNDER,AWAY,MIAMI HEAT,WIN,1249,2,6,0,0,0,0,1,6,0,0,3,1,3,3.0
bazemke01,Kent Bazemore,ATLANTA HAWKS,AWAY,UTAH JAZZ,LOSS,1049,3,11,0,4,2,2,1,5,1,1,0,1,4,2.8
ellinwa01,Wayne Ellington,MIAMI HEAT,HOME,OKLAHOMA CITY THUNDER,LOSS,258,1,1,1,1,0,0,0,0,0,0,0,0,0,2.7
spellom01,Omari Spellman,ATLANTA HAWKS,AWAY,UTAH JAZZ,LOSS,1124,3,10,1,6,0,0,0,2,0,1,1,0,2,2.7
riverau01,Austin Rivers,HOUSTON ROCKETS,AWAY,DENVER NUGGETS,LOSS,1481,3,7,1,5,0,0,0,0,1,0,0,0,4,2.4
yabusgu01,Guerschon Yabusele,BOSTON CELTICS,AWAY,NEW YORK KNICKS,WIN,75,1,1,0,0,0,0,1,0,0,0,0,0,0,2.4
biyombi01,Bismack Biyombo,CHARLOTTE HORNETS,HOME,MEMPHIS GRIZZLIES,WIN,1921,0,3,0,0,1,2,2,5,1,0,3,0,5,2.2
pattepa01,Patrick Patterson,OKLAHOMA CITY THUNDER,AWAY,MIAMI HEAT,WIN,965,2,4,1,2,0,0,0,2,0,0,0,1,1,2.2
bridgmi02,Miles Bridges,CHARLOTTE HORNETS,HOME,MEMPHIS GRIZZLIES,WIN,665,0,0,0,0,0,0,1,3,0,0,0,0,1,1.2
waitedi01,Dion Waiters,MIAMI HEAT,HOME,OKLAHOMA CITY THUNDER,LOSS,1589,2,10,1,5,0,0,0,4,2,1,0,1,1,1.0
diallha01,Hamidou Diallo,OKLAHOMA CITY THUNDER,AWAY,MIAMI HEAT,WIN,164,0,2,0,0,1,2,1,0,0,2,0,1,0,0.9
lenal01,Alex Len,ATLANTA HAWKS,AWAY,UTAH JAZZ,LOSS,523,0,4,0,2,0,0,2,2,0,1,1,0,0,0.9
dorsety01,Tyler Dorsey,ATLANTA HAWKS,AWAY,UTAH JAZZ,LOSS,95,0,0,0,0,1,2,0,0,0,0,0,0,0,0.6
cartevi01,Vince Carter,ATLANTA HAWKS,AWAY,UTAH JAZZ,LOSS,800,0,1,0,1,0,0,0,0,0,1,0,0,0,0.3
hernaju01,Juan Hernangomez,DENVER NUGGETS,HOME,HOUSTON ROCKETS,WIN,337,0,1,0,1,0,0,0,0,0,1,0,0,0,0.3
goodwbr01,Brandon Goodwin,DENVER NUGGETS,HOME,HOUSTON ROCKETS,WIN,47,0,0,0,0,0,0,0,0,0,0,0,0,0,0.0
lydonty01,Tyler Lydon,DENVER NUGGETS,HOME,HOUSTON ROCKETS,WIN,47,0,0,0,0,0,0,0,0,0,0,0,0,0,0.0
ojelese01,Semi Ojeleye,BOSTON CELTICS,AWAY,NEW YORK KNICKS,WIN,246,0,0,0,0,0,0,0,0,0,0,0,0,0,0.0
udohek01,Ekpe Udoh,UTAH JAZZ,HOME,ATLANTA HAWKS,WIN,203,0,0,0,0,0,0,0,0,0,0,0,0,0,0.0
lylestr01,Trey Lyles,DENVER NUGGETS,HOME,HOUSTON ROCKETS,WIN,1041,1,6,0,2,1,2,1,0,1,0,0,0,1,-0.2
mitrona01,Naz Mitrou-Long,UTAH JAZZ,HOME,ATLANTA HAWKS,WIN,95,0,1,0,0,0,0,0,1,0,0,0,0,0,-0.4
washbju01,Julian Washburn,MEMPHIS GRIZZLIES,AWAY,CHARLOTTE HORNETS,LOSS,979,0,2,0,0,0,0,1,3,0,0,0,0,2,-0.6
mcgruro01,Rodney McGruder,MIAMI HEAT,HOME,OKLAHOMA CITY THUNDER,LOSS,258,1,3,0,2,0,0,0,0,0,0,0,1,0,-0.7
fergute01,Terrance Ferguson,OKLAHOMA CITY THUNDER,AWAY,MIAMI HEAT,WIN,1376,0,1,0,0,0,0,0,0,0,1,0,0,3,-0.9
clarkga01,Gary Clark,HOUSTON ROCKETS,AWAY,DENVER NUGGETS,LOSS,123,0,0,0,0,0,0,0,1,0,0,0,1,1,-1.1
hernawi01,Willy Hernangomez,CHARLOTTE HORNETS,HOME,MEMPHIS GRIZZLIES,WIN,324,1,2,0,0,0,1,0,1,0,0,0,2,0,-1.1
naderab01,Abdel Nader,OKLAHOMA CITY THUNDER,AWAY,MIAMI HEAT,WIN,899,0,5,0,2,2,2,1,4,1,0,0,1,4,-1.5
abrinal01,Alex Abrines,OKLAHOMA CITY THUNDER,AWAY,MIAMI HEAT,WIN,561,0,2,0,1,0,0,0,0,0,0,0,0,1,-1.8
allengr01,Grayson Allen,UTAH JAZZ,HOME,ATLANTA HAWKS,WIN,495,0,3,0,3,0,0,0,0,0,0,1,0,1,-1.8
hamilda02,Daniel Hamilton,ATLANTA HAWKS,AWAY,UTAH JAZZ,LOSS,95,0,1,0,0,0,0,0,1,0,0,0,1,1,-1.8
onealro01,Royce O'Neale,UTAH JAZZ,HOME,ATLANTA HAWKS,WIN,543,0,1,0,1,0,0,0,1,1,0,0,1,3,-1.9
