slug,name,team,location,opponent,outcome,seconds_played,made_field_goals,attempted_field_goals,made_three_point_field_goals,attempted_three_point_field_goals,made_free_throws,attempted_free_throws,offensive_rebounds,defensive_rebounds,assists,steals,blocks,turnovers,personal_fouls,game_score
lowryky01,Kyle Lowry,HOUSTON ROCKETS,HOME,PHILADELPHIA 76ERS,LOSS,2589,15,18,6,9,0,1,0,4,7,1,0,1,3,33.9
gasolpa01,Pau Gasol,LOS ANGELES LAKERS,AWAY,CLEVELAND CAVALIERS,LOSS,2444,8,15,0,0,14,14,10,10,3,0,0,2,3,31.6
aldrila01,LaMarcus Aldridge,PORTLAND TRAIL BLAZERS,HOME,NEW ORLEANS HORNETS,WIN,2629,13,18,0,0,8,9,4,3,4,1,1,2,3,31.2
howardw01,Dwight Howard,ORLANDO MAGIC,HOME,WASHINGTON WIZARDS,WIN,1736,12,15,0,0,8,11,2,8,1,1,3,1,2,30.9
sessira01,Ramon Sessions,CLEVELAND CAVALIERS,HOME,LOS ANGELES LAKERS,WIN,2184,9,16,1,1,13,14,0,1,8,3,0,3,1,29.5
ellismo01,Monta Ellis,GOLDEN STATE WARRIORS,AWAY,UTAH JAZZ,WIN,2568,16,25,2,5,1,4,0,4,7,3,1,5,3,26.3
anthoca01,Carmelo Anthony,DENVER NUGGETS,AWAY,MILWAUKEE BUCKS,WIN,2649,16,30,1,4,5,5,0,12,2,1,0,2,3,26.2
salmojo01,John Salmons,MILWAUKEE BUCKS,HOME,DENVER NUGGETS,LOSS,2543,13,23,1,6,6,6,0,4,1,0,2,0,0,25.4
piercpa01,Paul Pierce,BOSTON CELTICS,HOME,NEW JERSEY NETS,WIN,1988,10,18,1,5,10,13,0,5,0,1,1,1,1,23.0
princta01,Tayshaun Prince,DETROIT PISTONS,HOME,INDIANA PACERS,WIN,2364,11,16,0,0,3,4,3,8,2,0,0,1,1,22.3
bargnan01,Andrea Bargnani,TORONTO RAPTORS,HOME,MIAMI HEAT,LOSS,2364,15,26,5,6,3,4,0,4,0,0,0,3,4,22.0
griffbl01,Blake Griffin,LOS ANGELES CLIPPERS,AWAY,MINNESOTA TIMBERWOLVES,WIN,2734,12,20,0,1,5,7,2,6,5,0,1,3,4,21.8
hibbero01,Roy Hibbert,INDIANA PACERS,AWAY,DETROIT PISTONS,LOSS,2465,12,23,0,0,5,5,4,5,3,0,2,3,3,21.3
scolalu01,Luis Scola,HOUSTON ROCKETS,HOME,PHILADELPHIA 76ERS,LOSS,2366,12,21,0,0,2,3,3,10,3,0,0,1,2,21.1
westda01,David West,NEW ORLEANS HORNETS,AWAY,PORTLAND TRAIL BLAZERS,LOSS,2732,10,18,0,0,7,8,2,3,0,1,1,0,4,20.4
mcrobjo01,Josh McRoberts,INDIANA PACERS,AWAY,DETROIT PISTONS,LOSS,1835,7,8,1,1,0,0,6,6,3,2,0,2,1,19.9
wadedw01,Dwyane Wade,MIAMI HEAT,AWAY,TORONTO RAPTORS,WIN,2380,10,18,0,0,8,10,2,5,1,1,2,5,0,19.6
matthwe02,Wesley Matthews,PORTLAND TRAIL BLAZERS,HOME,NEW ORLEANS HORNETS,WIN,2647,8,13,2,5,6,7,0,8,2,0,0,1,3,19.3
foyera01,Randy Foye,LOS ANGELES CLIPPERS,AWAY,MINNESOTA TIMBERWOLVES,WIN,2123,6,14,2,8,7,8,0,3,6,1,1,1,1,18.6
kiddja01,Jason Kidd,DALLAS MAVERICKS,HOME,SACRAMENTO KINGS,WIN,1686,7,9,6,7,0,0,0,2,4,2,0,3,1,18.5
grangda01,Danny Granger,INDIANA PACERS,AWAY,DETROIT PISTONS,LOSS,2442,11,16,2,5,4,7,2,3,3,0,0,4,5,18.4
jeffeal01,Al Jefferson,UTAH JAZZ,HOME,GOLDEN STATE WARRIORS,LOSS,2451,10,20,0,0,3,4,6,5,0,0,1,0,2,18.2
willide01,Deron Williams,UTAH JAZZ,HOME,GOLDEN STATE WARRIORS,LOSS,2514,5,13,1,5,7,8,0,7,11,3,1,5,2,18.2
holidjr01,Jrue Holiday,PHILADELPHIA 76ERS,AWAY,HOUSTON ROCKETS,WIN,2215,8,11,2,2,2,2,0,4,8,1,0,4,3,18.1
iguodan01,Andre Iguodala,PHILADELPHIA 76ERS,AWAY,HOUSTON ROCKETS,WIN,2190,3,15,1,6,6,6,2,10,10,4,0,1,0,18.1
millspa01,Paul Millsap,UTAH JAZZ,HOME,GOLDEN STATE WARRIORS,LOSS,2216,8,13,0,0,6,6,1,5,1,2,0,1,5,18.0
jamesle01,LeBron James,MIAMI HEAT,AWAY,TORONTO RAPTORS,WIN,2258,8,18,0,2,7,10,3,10,8,0,0,5,1,17.7
boshch01,Chris Bosh,MIAMI HEAT,AWAY,TORONTO RAPTORS,WIN,2318,7,16,0,1,11,12,0,6,2,1,0,2,2,17.6
derozde01,DeMar DeRozan,TORONTO RAPTORS,HOME,MIAMI HEAT,LOSS,2513,9,20,0,1,6,6,1,3,2,2,1,1,4,16.7
parkean01,Anthony Parker,CLEVELAND CAVALIERS,HOME,LOS ANGELES LAKERS,WIN,2049,7,13,2,5,2,2,0,3,9,1,0,2,3,16.7
tayloje02,Jermaine Taylor,SACRAMENTO KINGS,AWAY,DALLAS MAVERICKS,LOSS,2320,7,12,3,6,0,0,1,2,5,4,1,3,3,16.7
udrihbe01,Beno Udrih,SACRAMENTO KINGS,AWAY,DALLAS MAVERICKS,LOSS,1940,6,10,1,2,3,3,0,1,7,2,0,2,0,16.6
walljo01,John Wall,WASHINGTON WIZARDS,AWAY,ORLANDO MAGIC,LOSS,2344,10,17,1,3,6,10,0,5,1,2,1,5,2,16.6
loveke01,Kevin Love,MINNESOTA TIMBERWOLVES,HOME,LOS ANGELES CLIPPERS,LOSS,1955,6,12,0,2,6,8,3,15,0,1,0,2,1,16.4
martike01,Kenyon Martin,DENVER NUGGETS,AWAY,MILWAUKEE BUCKS,WIN,2121,4,8,0,0,3,3,2,7,7,0,5,1,4,16.3
stuckro01,Rodney Stuckey,DETROIT PISTONS,HOME,INDIANA PACERS,WIN,1719,6,15,0,0,6,6,2,2,6,2,0,1,2,16.3
wrighdo01,Dorell Wright,GOLDEN STATE WARRIORS,AWAY,UTAH JAZZ,WIN,2304,8,13,4,7,2,2,0,5,1,0,0,2,0,16.3
arizatr01,Trevor Ariza,NEW ORLEANS HORNETS,AWAY,PORTLAND TRAIL BLAZERS,LOSS,2638,6,14,2,5,2,3,4,5,6,3,0,2,4,16.1
willima02,Marvin Williams,ATLANTA HAWKS,AWAY,NEW YORK KNICKS,LOSS,2418,7,14,2,5,1,2,0,8,3,2,0,0,0,16.1
fieldla01,Landry Fields,NEW YORK KNICKS,HOME,ATLANTA HAWKS,WIN,2210,4,5,2,2,1,2,0,9,5,2,0,1,1,15.5
bassbr01,Brandon Bass,ORLANDO MAGIC,HOME,WASHINGTON WIZARDS,WIN,2006,6,13,0,0,3,3,5,6,0,2,1,1,0,15.3
milescj01,C.J. Miles,UTAH JAZZ,HOME,GOLDEN STATE WARRIORS,LOSS,2523,7,18,2,6,4,4,1,5,1,3,1,0,4,15.2
bareajo01,J.J. Barea,DALLAS MAVERICKS,HOME,SACRAMENTO KINGS,WIN,1209,5,8,1,3,0,0,0,2,10,1,0,1,0,15.0
billuch01,Chauncey Billups,DENVER NUGGETS,AWAY,MILWAUKEE BUCKS,WIN,2168,6,13,1,2,7,7,0,4,4,1,0,3,1,14.9
stoudam01,Amar'e Stoudemire,NEW YORK KNICKS,HOME,ATLANTA HAWKS,WIN,1956,8,17,0,0,7,8,1,6,3,0,3,5,2,14.8
greenwi01,Willie Green,NEW ORLEANS HORNETS,AWAY,PORTLAND TRAIL BLAZERS,LOSS,2445,11,19,0,3,2,3,1,5,0,0,0,1,3,14.7
youngth01,Thaddeus Young,PHILADELPHIA 76ERS,AWAY,HOUSTON ROCKETS,WIN,1440,9,14,0,0,1,2,0,4,0,1,1,0,2,14.5
rondora01,Rajon Rondo,BOSTON CELTICS,HOME,NEW JERSEY NETS,WIN,2190,2,5,0,1,3,4,1,4,8,4,0,1,0,14.4
gallida01,Danilo Gallinari,NEW YORK KNICKS,HOME,ATLANTA HAWKS,WIN,2211,5,12,3,8,4,4,1,8,1,1,0,0,3,14.2
hawessp01,Spencer Hawes,PHILADELPHIA 76ERS,AWAY,HOUSTON ROCKETS,WIN,1613,8,11,1,1,0,2,6,4,1,0,0,2,4,14.2
millean02,Andre Miller,PORTLAND TRAIL BLAZERS,HOME,NEW ORLEANS HORNETS,WIN,2426,7,14,0,0,4,4,0,4,7,0,1,2,4,14.2
chandwi01,Wilson Chandler,NEW YORK KNICKS,HOME,ATLANTA HAWKS,WIN,2103,9,15,2,6,0,0,0,5,0,1,1,2,1,13.9
jamisan01,Antawn Jamison,CLEVELAND CAVALIERS,HOME,LOS ANGELES LAKERS,WIN,2513,8,18,2,6,1,2,2,8,2,1,1,1,3,13.9
mcgratr01,Tracy McGrady,DETROIT PISTONS,HOME,INDIANA PACERS,WIN,1751,6,13,1,2,2,2,3,2,4,0,0,0,0,13.8
willire02,Reggie Williams,GOLDEN STATE WARRIORS,AWAY,UTAH JAZZ,WIN,1421,4,6,1,3,6,6,0,3,1,0,0,0,1,13.6
willilo02,Lou Williams,PHILADELPHIA 76ERS,AWAY,HOUSTON ROCKETS,WIN,1483,8,14,1,3,2,4,1,0,2,0,1,1,1,13.0
gomesry01,Ryan Gomes,LOS ANGELES CLIPPERS,AWAY,MINNESOTA TIMBERWOLVES,WIN,2266,7,14,3,8,1,2,2,1,2,0,0,0,2,12.9
richaja01,Jason Richardson,ORLANDO MAGIC,HOME,WASHINGTON WIZARDS,WIN,1718,6,12,3,6,1,1,0,6,3,0,0,1,0,12.9
fishede01,Derek Fisher,LOS ANGELES LAKERS,AWAY,CLEVELAND CAVALIERS,LOSS,1975,8,12,3,4,0,0,0,1,1,1,0,1,5,12.8
batumni01,Nicolas Batum,PORTLAND TRAIL BLAZERS,HOME,NEW ORLEANS HORNETS,WIN,2519,5,12,2,6,2,2,2,3,2,2,1,0,4,12.4
garneke01,Kevin Garnett,BOSTON CELTICS,HOME,NEW JERSEY NETS,WIN,1960,5,13,0,0,4,6,4,6,3,0,2,1,2,12.4
mariosh01,Shawn Marion,DALLAS MAVERICKS,HOME,SACRAMENTO KINGS,WIN,1638,7,14,0,0,0,0,1,5,5,1,0,1,1,12.3
brownsh01,Shannon Brown,LOS ANGELES LAKERS,AWAY,CLEVELAND CAVALIERS,LOSS,1594,7,14,0,3,1,2,1,2,3,3,0,1,2,12.2
harride01,Devin Harris,NEW JERSEY NETS,AWAY,BOSTON CELTICS,LOSS,1823,6,14,1,4,3,3,0,3,5,1,0,1,2,12.2
bledser01,Eric Bledsoe,LOS ANGELES CLIPPERS,AWAY,MINNESOTA TIMBERWOLVES,WIN,1788,3,6,0,2,4,5,2,6,5,4,0,4,3,12.1
greendo01,Donte Greene,SACRAMENTO KINGS,AWAY,DALLAS MAVERICKS,LOSS,1386,4,6,0,0,8,9,0,1,0,1,1,3,1,11.6
pattepa01,Patrick Patterson,HOUSTON ROCKETS,HOME,PHILADELPHIA 76ERS,LOSS,935,5,8,0,0,0,0,4,3,0,0,2,0,0,11.5
feltora01,Raymond Felton,NEW YORK KNICKS,HOME,ATLANTA HAWKS,WIN,2201,6,16,0,2,1,2,0,2,11,2,1,3,1,11.4
horfoal01,Al Horford,ATLANTA HAWKS,AWAY,NEW YORK KNICKS,LOSS,2080,6,12,0,0,0,0,3,8,4,1,1,2,4,11.4
jackja01,Jarrett Jack,NEW ORLEANS HORNETS,AWAY,PORTLAND TRAIL BLAZERS,LOSS,1886,4,7,0,1,4,4,1,4,3,2,0,2,4,11.1
wilcoch01,Chris Wilcox,DETROIT PISTONS,HOME,INDIANA PACERS,WIN,951,6,8,0,0,0,0,3,3,1,0,0,0,4,10.9
brandel01,Elton Brand,PHILADELPHIA 76ERS,AWAY,HOUSTON ROCKETS,WIN,1989,5,9,0,0,0,0,2,9,2,0,0,0,1,10.8
dampier01,Erick Dampier,MIAMI HEAT,AWAY,TORONTO RAPTORS,WIN,1662,3,3,0,0,2,4,3,7,0,0,2,0,3,10.7
anderry01,Ryan Anderson,ORLANDO MAGIC,HOME,WASHINGTON WIZARDS,WIN,1700,4,8,2,5,4,4,0,8,1,0,1,2,3,10.6
monrogr01,Greg Monroe,DETROIT PISTONS,HOME,INDIANA PACERS,WIN,1997,6,10,0,0,1,2,2,2,0,1,2,1,2,10.6
maggeco01,Corey Maggette,MILWAUKEE BUCKS,HOME,DENVER NUGGETS,LOSS,1480,4,12,1,3,7,9,1,4,2,0,0,0,3,10.5
lopezbr01,Brook Lopez,NEW JERSEY NETS,AWAY,BOSTON CELTICS,LOSS,2212,8,16,0,0,2,2,3,2,3,0,4,6,3,10.4
nowitdi01,Dirk Nowitzki,DALLAS MAVERICKS,HOME,SACRAMENTO KINGS,WIN,1357,6,10,1,1,0,0,0,3,4,0,0,1,2,10.3
dalemsa01,Samuel Dalembert,SACRAMENTO KINGS,AWAY,DALLAS MAVERICKS,LOSS,1646,2,6,0,0,6,10,2,7,4,2,0,2,3,10.1
haywobr01,Brendan Haywood,DALLAS MAVERICKS,HOME,SACRAMENTO KINGS,WIN,1328,5,8,0,0,2,5,4,6,0,0,0,1,2,10.0
davised01,Ed Davis,TORONTO RAPTORS,HOME,MIAMI HEAT,LOSS,1357,4,5,0,0,0,0,3,10,0,2,0,2,4,9.6
bibbymi01,Mike Bibby,ATLANTA HAWKS,AWAY,NEW YORK KNICKS,LOSS,2157,5,8,5,7,0,0,0,1,2,0,0,2,4,9.5
hicksjj01,J.J. Hickson,CLEVELAND CAVALIERS,HOME,LOS ANGELES LAKERS,WIN,2422,6,18,0,0,1,1,9,6,3,0,1,3,3,9.5
beaubro01,Rodrigue Beaubois,DALLAS MAVERICKS,HOME,SACRAMENTO KINGS,WIN,1256,6,13,1,4,0,0,0,1,6,3,0,3,4,9.2
odomla01,Lamar Odom,LOS ANGELES LAKERS,AWAY,CLEVELAND CAVALIERS,LOSS,2101,2,6,0,1,2,2,2,2,6,2,0,1,2,9.0
chalmma01,Mario Chalmers,MIAMI HEAT,AWAY,TORONTO RAPTORS,WIN,1692,2,4,1,2,0,0,0,3,6,2,0,0,3,8.9
eyengch01,Christian Eyenga,CLEVELAND CAVALIERS,HOME,LOS ANGELES LAKERS,WIN,1601,5,7,0,2,0,0,0,2,0,3,0,1,2,8.9
jonesda02,Dahntay Jones,INDIANA PACERS,AWAY,DETROIT PISTONS,LOSS,864,5,6,1,2,0,2,0,2,1,0,0,0,1,8.9
allenra02,Ray Allen,BOSTON CELTICS,HOME,NEW JERSEY NETS,WIN,2247,5,11,1,2,1,2,0,2,3,1,0,0,2,8.8
caldejo01,Jose Calderon,TORONTO RAPTORS,HOME,MIAMI HEAT,LOSS,2085,2,9,1,4,0,1,0,1,14,1,0,1,1,8.8
delfica01,Carlos Delfino,MILWAUKEE BUCKS,HOME,DENVER NUGGETS,LOSS,1752,4,10,0,6,4,5,0,3,1,1,1,0,3,8.3
johnsam01,Amir Johnson,TORONTO RAPTORS,HOME,MIAMI HEAT,LOSS,1552,2,10,0,0,1,2,5,6,3,2,5,1,5,8.3
boykiea01,Earl Boykins,MILWAUKEE BUCKS,HOME,DENVER NUGGETS,LOSS,1252,2,6,1,2,0,0,0,1,5,3,1,1,0,8.1
johnsjo02,Joe Johnson,ATLANTA HAWKS,AWAY,NEW YORK KNICKS,LOSS,1981,5,12,1,2,0,1,2,5,6,0,0,2,3,8.1
webstma02,Martell Webster,MINNESOTA TIMBERWOLVES,HOME,LOS ANGELES CLIPPERS,LOSS,2373,3,9,1,3,4,6,0,2,1,2,0,0,1,8.0
casspom01,Omri Casspi,SACRAMENTO KINGS,AWAY,DALLAS MAVERICKS,LOSS,1369,4,4,0,0,0,0,1,1,0,3,0,3,0,7.8
stojape01,Peja Stojakovic,DALLAS MAVERICKS,HOME,SACRAMENTO KINGS,WIN,1604,5,11,2,5,0,0,2,2,1,1,0,1,3,7.8
couside01,DeMarcus Cousins,SACRAMENTO KINGS,AWAY,DALLAS MAVERICKS,LOSS,2303,6,19,0,0,4,6,4,8,4,3,2,7,5,7.7
landrca01,Carl Landry,SACRAMENTO KINGS,AWAY,DALLAS MAVERICKS,LOSS,1578,2,6,0,0,5,6,4,3,1,0,0,2,0,7.6
nelsoja01,Jameer Nelson,ORLANDO MAGIC,HOME,WASHINGTON WIZARDS,WIN,1400,4,9,2,4,0,0,0,1,4,0,0,0,2,7.6
ellinwa01,Wayne Ellington,MINNESOTA TIMBERWOLVES,HOME,LOS ANGELES CLIPPERS,LOSS,1765,5,15,5,7,3,4,2,2,1,0,0,2,6,7.4
wafervo01,Von Wafer,BOSTON CELTICS,HOME,NEW JERSEY NETS,WIN,1212,2,3,0,0,3,4,0,0,3,0,0,0,0,7.4
bynumwi01,Will Bynum,DETROIT PISTONS,HOME,INDIANA PACERS,WIN,1045,2,7,0,1,1,2,0,1,7,2,0,0,1,7.3
milicda01,Darko Milicic,MINNESOTA TIMBERWOLVES,HOME,LOS ANGELES CLIPPERS,LOSS,2171,6,12,0,0,0,3,5,1,3,1,1,4,3,7.2
turneev01,Evan Turner,PHILADELPHIA 76ERS,AWAY,HOUSTON ROCKETS,WIN,1878,5,9,0,0,0,0,0,6,0,0,1,1,0,7.2
jordade01,DeAndre Jordan,LOS ANGELES CLIPPERS,AWAY,MINNESOTA TIMBERWOLVES,WIN,1803,2,3,0,0,0,3,2,6,1,1,4,1,3,7.0
linje01,Jeremy Lin,GOLDEN STATE WARRIORS,AWAY,UTAH JAZZ,WIN,390,2,3,0,0,1,1,1,0,1,2,1,0,2,7.0
gordobe01,Ben Gordon,DETROIT PISTONS,HOME,INDIANA PACERS,WIN,1854,8,14,0,1,0,1,0,1,2,1,0,4,2,6.9
tollian01,Anthony Tolliver,MINNESOTA TIMBERWOLVES,HOME,LOS ANGELES CLIPPERS,LOSS,1117,3,6,0,2,5,6,0,5,1,0,0,1,6,6.4
hinriki01,Kirk Hinrich,WASHINGTON WIZARDS,AWAY,ORLANDO MAGIC,LOSS,1860,4,9,1,1,1,1,0,1,3,0,0,1,1,6.3
blatcan01,Andray Blatche,WASHINGTON WIZARDS,AWAY,ORLANDO MAGIC,LOSS,1874,6,17,0,1,3,4,3,6,1,1,1,4,3,6.2
smithjo03,Josh Smith,ATLANTA HAWKS,AWAY,NEW YORK KNICKS,LOSS,2410,6,16,0,3,2,3,0,5,2,2,1,3,3,6.2
harrial01,Al Harrington,DENVER NUGGETS,AWAY,MILWAUKEE BUCKS,WIN,1018,3,5,0,2,1,2,0,5,1,0,0,0,1,6.1
hilarne01,Nene Hilario,DENVER NUGGETS,AWAY,MILWAUKEE BUCKS,WIN,1587,4,6,0,0,2,2,1,4,0,0,1,2,5,6.0
terryja01,Jason Terry,DALLAS MAVERICKS,HOME,SACRAMENTO KINGS,WIN,1291,5,10,1,4,1,1,0,0,2,1,0,3,1,6.0
bellch01,Charlie Bell,GOLDEN STATE WARRIORS,AWAY,UTAH JAZZ,WIN,1032,1,2,1,1,2,2,0,2,1,1,0,0,1,5.9
rossqu01,Quinton Ross,NEW JERSEY NETS,AWAY,BOSTON CELTICS,LOSS,1562,3,5,0,1,1,1,1,1,1,0,1,0,3,5.9
rushbr01,Brandon Rush,INDIANA PACERS,AWAY,DETROIT PISTONS,LOSS,1075,2,5,2,3,0,0,0,1,1,0,2,0,0,5.7
wallabe01,Ben Wallace,DETROIT PISTONS,HOME,INDIANA PACERS,WIN,1679,0,2,0,0,0,0,4,3,2,1,2,0,1,5.7
evansje01,Jeremy Evans,UTAH JAZZ,HOME,GOLDEN STATE WARRIORS,LOSS,599,2,3,0,0,2,2,2,4,1,0,0,2,1,5.6
redicjj01,J.J. Redick,ORLANDO MAGIC,HOME,WASHINGTON WIZARDS,WIN,1723,2,7,0,3,2,2,0,1,3,2,0,0,2,5.5
favorde01,Derrick Favors,NEW JERSEY NETS,AWAY,BOSTON CELTICS,LOSS,1137,1,2,0,0,2,2,4,3,1,0,0,0,5,5.4
douglto01,Toney Douglas,NEW YORK KNICKS,HOME,ATLANTA HAWKS,WIN,922,1,5,1,2,2,3,1,0,3,1,0,0,0,5.3
morroan01,Anthony Morrow,NEW JERSEY NETS,AWAY,BOSTON CELTICS,LOSS,1769,5,14,3,6,1,1,0,4,1,0,0,2,2,5.3
speigma01,Marreese Speights,PHILADELPHIA 76ERS,AWAY,HOUSTON ROCKETS,WIN,656,2,2,0,0,2,2,0,1,0,0,0,0,1,5.3
fernaru01,Rudy Fernandez,PORTLAND TRAIL BLAZERS,HOME,NEW ORLEANS HORNETS,WIN,1980,2,9,2,8,2,2,0,1,3,2,1,2,1,5.2
outlatr01,Travis Outlaw,NEW JERSEY NETS,AWAY,BOSTON CELTICS,LOSS,906,1,1,0,0,2,4,1,3,1,0,0,0,0,5.2
pekovni01,Nikola Pekovic,MINNESOTA TIMBERWOLVES,HOME,LOS ANGELES CLIPPERS,LOSS,428,0,2,0,0,4,4,2,3,0,0,1,0,1,5.2
turiaro01,Ronny Turiaf,NEW YORK KNICKS,HOME,ATLANTA HAWKS,WIN,922,1,2,0,0,2,2,2,4,1,0,1,1,2,5.2
chandty01,Tyson Chandler,DALLAS MAVERICKS,HOME,SACRAMENTO KINGS,WIN,1402,3,3,0,0,0,0,3,3,1,0,0,3,2,5.0
haranlu01,Luke Harangody,BOSTON CELTICS,HOME,NEW JERSEY NETS,WIN,869,3,6,0,0,2,2,0,3,0,1,1,1,4,5.0
wrighbr03,Brandan Wright,GOLDEN STATE WARRIORS,AWAY,UTAH JAZZ,WIN,609,3,3,0,0,0,1,1,2,0,0,0,1,0,5.0
houseed01,Eddie House,MIAMI HEAT,AWAY,TORONTO RAPTORS,WIN,1504,3,8,1,5,1,1,0,3,2,0,0,1,0,4.9
ajincal01,Alexis Ajinca,TORONTO RAPTORS,HOME,MIAMI HEAT,LOSS,632,3,5,0,0,0,0,1,1,0,0,1,0,2,4.6
hansbty01,Tyler Hansbrough,INDIANA PACERS,AWAY,DETROIT PISTONS,LOSS,1264,4,9,0,0,0,0,1,2,0,0,0,0,0,4.6
kamanch01,Chris Kaman,LOS ANGELES CLIPPERS,AWAY,MINNESOTA TIMBERWOLVES,WIN,571,2,4,0,0,0,0,1,5,0,0,3,1,2,4.5
bogutan01,Andrew Bogut,MILWAUKEE BUCKS,HOME,DENVER NUGGETS,LOSS,2687,1,7,0,0,1,4,1,19,2,0,5,3,3,4.4
mbahalu01,Luc Mbah a Moute,MILWAUKEE BUCKS,HOME,DENVER NUGGETS,LOSS,2501,3,7,0,0,2,2,1,2,0,1,0,1,3,4.4
mozgoti01,Timofey Mozgov,NEW YORK KNICKS,HOME,ATLANTA HAWKS,WIN,837,2,3,0,0,0,0,1,0,1,0,1,0,1,4.4
watsoea01,Earl Watson,UTAH JAZZ,HOME,GOLDEN STATE WARRIORS,LOSS,1562,1,3,0,1,4,4,0,1,2,2,0,2,4,4.4
battish01,Shane Battier,HOUSTON ROCKETS,HOME,PHILADELPHIA 76ERS,LOSS,2123,3,9,0,4,1,1,1,1,4,1,0,2,1,4.3
villach01,Charlie Villanueva,DETROIT PISTONS,HOME,INDIANA PACERS,WIN,844,2,5,1,3,0,0,0,2,1,0,1,0,0,4.3
barbole01,Leandro Barbosa,TORONTO RAPTORS,HOME,MIAMI HEAT,LOSS,1589,1,7,0,2,3,3,0,1,4,1,0,0,1,4.2
holliry01,Ryan Hollins,CLEVELAND CAVALIERS,HOME,LOS ANGELES LAKERS,WIN,825,4,5,0,0,0,0,1,1,0,0,0,1,5,4.1
moonja01,Jamario Moon,CLEVELAND CAVALIERS,HOME,LOS ANGELES LAKERS,WIN,1275,0,1,0,0,1,2,0,4,3,1,1,0,2,4.1
davisba01,Baron Davis,LOS ANGELES CLIPPERS,AWAY,MINNESOTA TIMBERWOLVES,WIN,1938,2,10,1,5,1,2,1,3,6,2,0,2,3,4.0
teaguje01,Jeff Teague,ATLANTA HAWKS,AWAY,NEW YORK KNICKS,LOSS,229,2,3,1,1,0,0,0,1,0,0,0,0,0,4.0
willish03,Shawne Williams,NEW YORK KNICKS,HOME,ATLANTA HAWKS,WIN,621,2,4,1,3,0,0,0,3,0,0,0,0,0,3.9
hayesch01,Chuck Hayes,HOUSTON ROCKETS,HOME,PHILADELPHIA 76ERS,LOSS,1126,2,8,0,0,0,1,2,5,4,1,0,1,2,3.7
paulch01,Chris Paul,NEW ORLEANS HORNETS,AWAY,PORTLAND TRAIL BLAZERS,LOSS,2493,2,6,0,1,4,6,1,1,5,1,0,4,4,3.7
anderch01,Chris Andersen,DENVER NUGGETS,AWAY,MILWAUKEE BUCKS,WIN,1034,0,2,0,0,2,4,0,4,1,2,1,0,2,3.6
booketr01,Trevor Booker,WASHINGTON WIZARDS,AWAY,ORLANDO MAGIC,LOSS,1307,1,2,0,0,0,0,1,3,0,1,0,0,0,3.6
leeda02,David Lee,GOLDEN STATE WARRIORS,AWAY,UTAH JAZZ,WIN,1872,6,12,0,0,1,2,2,4,1,0,1,5,5,3.6
sandela01,Larry Sanders,MILWAUKEE BUCKS,HOME,DENVER NUGGETS,LOSS,364,3,4,0,0,0,0,0,2,0,0,0,1,1,3.6
turkohe01,Hedo Turkoglu,ORLANDO MAGIC,HOME,WASHINGTON WIZARDS,WIN,1774,3,8,0,0,0,0,1,4,3,1,0,1,5,3.6
millebr01,Brad Miller,HOUSTON ROCKETS,HOME,PHILADELPHIA 76ERS,LOSS,472,1,3,0,2,2,2,0,0,3,0,0,1,0,3.4
anthojo01,Joel Anthony,MIAMI HEAT,AWAY,TORONTO RAPTORS,WIN,495,0,0,0,0,0,0,1,3,0,1,1,0,0,3.3
dayeau01,Austin Daye,DETROIT PISTONS,HOME,INDIANA PACERS,WIN,1696,3,7,0,2,0,2,0,4,1,1,1,1,2,3.3
priceaj01,A.J. Price,INDIANA PACERS,AWAY,DETROIT PISTONS,LOSS,1064,1,4,0,1,1,2,1,0,4,1,0,1,1,3.3
serapke01,Kevin Seraphin,WASHINGTON WIZARDS,AWAY,ORLANDO MAGIC,LOSS,1097,2,3,0,0,0,0,2,0,1,0,3,2,4,3.3
breweco01,Corey Brewer,MINNESOTA TIMBERWOLVES,HOME,LOS ANGELES CLIPPERS,LOSS,1089,2,5,0,2,0,2,2,0,2,2,0,1,3,3.1
blakest01,Steve Blake,LOS ANGELES LAKERS,AWAY,CLEVELAND CAVALIERS,LOSS,1223,2,3,1,1,0,0,0,2,3,0,0,3,1,3.0
shakumu01,Mustafa Shakur,WASHINGTON WIZARDS,AWAY,ORLANDO MAGIC,LOSS,318,1,3,0,0,2,2,1,0,0,0,0,0,0,3.0
evansma01,Maurice Evans,ATLANTA HAWKS,AWAY,NEW YORK KNICKS,LOSS,741,2,4,1,1,0,0,1,0,0,0,0,0,2,2.9
ridnolu01,Luke Ridnour,MINNESOTA TIMBERWOLVES,HOME,LOS ANGELES CLIPPERS,LOSS,1923,3,12,1,3,3,3,2,0,3,0,0,3,1,2.9
collida01,Darren Collison,INDIANA PACERS,AWAY,DETROIT PISTONS,LOSS,2116,3,11,0,2,0,0,1,1,9,1,0,3,5,2.8
vujacsa01,Sasha Vujacic,NEW JERSEY NETS,AWAY,BOSTON CELTICS,LOSS,1767,2,9,0,4,0,0,1,4,5,0,0,0,3,2.7
perkike01,Kendrick Perkins,BOSTON CELTICS,HOME,NEW JERSEY NETS,WIN,1645,1,4,0,0,3,4,2,6,0,1,1,3,4,2.5
smithja02,Jason Smith,NEW ORLEANS HORNETS,AWAY,PORTLAND TRAIL BLAZERS,LOSS,994,2,3,0,0,0,0,2,1,1,0,0,1,4,2.5
brookaa01,Aaron Brooks,HOUSTON ROCKETS,HOME,PHILADELPHIA 76ERS,LOSS,1098,4,12,1,6,0,0,1,0,1,0,0,0,3,2.4
cunnida01,Dante Cunningham,PORTLAND TRAIL BLAZERS,HOME,NEW ORLEANS HORNETS,WIN,1550,0,1,0,0,3,4,2,2,0,0,1,1,3,2.4
grayaa01,Aaron Gray,NEW ORLEANS HORNETS,AWAY,PORTLAND TRAIL BLAZERS,LOSS,148,0,0,0,0,0,0,1,0,1,1,0,0,0,2.4
humphkr01,Kris Humphries,NEW JERSEY NETS,AWAY,BOSTON CELTICS,LOSS,1291,2,5,0,0,1,2,1,5,0,0,0,1,2,2.3
martike02,Kevin Martin,HOUSTON ROCKETS,HOME,PHILADELPHIA 76ERS,LOSS,2040,3,12,2,7,1,2,0,3,3,1,0,2,3,2.2
thompja02,Jason Thompson,SACRAMENTO KINGS,AWAY,DALLAS MAVERICKS,LOSS,526,1,1,0,0,0,0,0,3,0,0,0,0,1,2.2
robinna01,Nate Robinson,BOSTON CELTICS,HOME,NEW JERSEY NETS,WIN,892,2,7,0,3,0,0,0,1,1,2,0,0,2,2.1
bradlav01,Avery Bradley,BOSTON CELTICS,HOME,NEW JERSEY NETS,WIN,111,0,0,0,0,2,2,0,0,0,0,0,0,0,2.0
thornal01,Al Thornton,WASHINGTON WIZARDS,AWAY,ORLANDO MAGIC,LOSS,218,1,1,0,0,0,0,0,1,0,0,0,0,0,2.0
biedran01,Andris Biedrins,GOLDEN STATE WARRIORS,AWAY,UTAH JAZZ,WIN,1525,1,3,0,0,0,2,3,6,1,0,0,1,3,1.9
poweljo01,Josh Powell,ATLANTA HAWKS,AWAY,NEW YORK KNICKS,LOSS,229,1,1,0,0,0,0,0,2,0,0,0,0,1,1.9
weemsso01,Sonny Weems,TORONTO RAPTORS,HOME,MIAMI HEAT,LOSS,1423,0,2,0,0,2,2,1,1,1,0,0,0,1,1.9
farmajo01,Jordan Farmar,NEW JERSEY NETS,AWAY,BOSTON CELTICS,LOSS,1116,2,7,2,5,0,0,2,2,1,0,0,2,3,1.4
hilljo01,Jordan Hill,HOUSTON ROCKETS,HOME,PHILADELPHIA 76ERS,LOSS,562,0,0,0,0,0,0,1,0,1,0,0,0,0,1.4
millspa02,Patty Mills,PORTLAND TRAIL BLAZERS,HOME,NEW ORLEANS HORNETS,WIN,399,1,1,0,0,0,0,0,0,1,0,0,1,0,1.4
waltolu01,Luke Walton,LOS ANGELES LAKERS,AWAY,CLEVELAND CAVALIERS,LOSS,340,0,0,0,0,0,0,0,0,1,0,1,0,0,1.4
cardibr01,Brian Cardinal,DALLAS MAVERICKS,HOME,SACRAMENTO KINGS,WIN,378,0,0,0,0,0,0,0,0,1,1,0,0,1,1.3
curryst01,Stephen Curry,GOLDEN STATE WARRIORS,AWAY,UTAH JAZZ,WIN,1290,1,7,0,3,2,2,0,0,4,2,0,1,5,1.3
ilgauzy01,Zydrunas Ilgauskas,MIAMI HEAT,AWAY,TORONTO RAPTORS,WIN,723,3,4,0,0,0,0,0,0,0,0,0,2,3,1.2
pachuza01,Zaza Pachulia,ATLANTA HAWKS,AWAY,NEW YORK KNICKS,LOSS,323,0,2,0,0,2,2,0,1,1,0,0,0,1,1.2
przybjo01,Joel Przybilla,PORTLAND TRAIL BLAZERS,HOME,NEW ORLEANS HORNETS,WIN,251,0,0,0,0,0,2,0,2,0,0,2,0,0,1.2
artesro01,Metta World Peace,LOS ANGELES LAKERS,AWAY,CLEVELAND CAVALIERS,LOSS,1064,0,1,0,0,1,2,0,0,2,0,1,1,0,1.0
bryanko01,Kobe Bryant,LOS ANGELES LAKERS,AWAY,CLEVELAND CAVALIERS,LOSS,2310,8,24,1,6,0,0,1,11,2,0,1,7,4,0.9
aminual01,Al-Farouq Aminu,LOS ANGELES CLIPPERS,AWAY,MINNESOTA TIMBERWOLVES,WIN,614,0,2,0,2,2,2,0,4,0,1,0,1,3,0.6
jetereu01,Eugene Jeter,SACRAMENTO KINGS,AWAY,DALLAS MAVERICKS,LOSS,1295,3,7,0,0,0,0,0,2,3,0,0,4,1,0.6
dioguik01,Ike Diogu,LOS ANGELES CLIPPERS,AWAY,MINNESOTA TIMBERWOLVES,WIN,485,2,6,0,0,0,0,1,0,0,0,0,0,2,0.5
martica01,Cartier Martin,WASHINGTON WIZARDS,AWAY,ORLANDO MAGIC,LOSS,1816,2,13,1,7,0,0,3,4,0,1,1,0,3,0.5
telfase01,Sebastian Telfair,MINNESOTA TIMBERWOLVES,HOME,LOS ANGELES CLIPPERS,LOSS,983,1,7,0,3,0,0,0,3,5,0,0,1,1,0.5
bayleje01,Jerryd Bayless,TORONTO RAPTORS,HOME,MIAMI HEAT,LOSS,885,0,3,0,1,2,2,0,3,2,1,0,2,2,0.4
jonesso01,Solomon Jones,INDIANA PACERS,AWAY,DETROIT PISTONS,LOSS,706,0,3,0,0,0,0,3,2,1,0,1,0,4,0.4
dunlemi02,Mike Dunleavy,INDIANA PACERS,AWAY,DETROIT PISTONS,LOSS,1335,1,4,1,3,0,0,0,5,0,0,0,1,2,0.3
grahast01,Stephen Graham,NEW JERSEY NETS,AWAY,BOSTON CELTICS,LOSS,86,0,0,0,0,0,0,0,1,0,0,0,0,0,0.3
jonesja02,James Jones,MIAMI HEAT,AWAY,TORONTO RAPTORS,WIN,426,0,0,0,0,0,0,0,0,0,0,1,0,1,0.3
thornma01,Marcus Thornton,NEW ORLEANS HORNETS,AWAY,PORTLAND TRAIL BLAZERS,LOSS,719,2,6,1,2,0,0,1,2,0,0,0,1,4,0.3
walkebi01,Henry Walker,NEW YORK KNICKS,HOME,ATLANTA HAWKS,WIN,417,0,0,0,0,0,0,0,1,0,0,0,0,0,0.3
wilkida02,Damien Wilkins,ATLANTA HAWKS,AWAY,NEW YORK KNICKS,LOSS,295,0,1,0,0,0,0,0,1,1,0,0,0,0,0.3
davisgl01,Glen Davis,BOSTON CELTICS,HOME,NEW JERSEY NETS,WIN,1286,1,5,0,0,2,2,2,1,0,1,0,2,4,0.0
headlu01,Luther Head,SACRAMENTO KINGS,AWAY,DALLAS MAVERICKS,LOSS,37,0,0,0,0,0,0,0,0,0,0,0,0,0,0.0
mcgeeja01,JaVale McGee,WASHINGTON WIZARDS,AWAY,ORLANDO MAGIC,LOSS,812,1,6,0,0,2,3,2,3,0,0,0,1,3,-0.1
arenagi01,Gilbert Arenas,ORLANDO MAGIC,HOME,WASHINGTON WIZARDS,WIN,1480,1,6,0,1,0,0,1,1,6,1,0,3,4,-0.2
arroyca01,Carlos Arroyo,MIAMI HEAT,AWAY,TORONTO RAPTORS,WIN,942,0,2,0,1,0,0,1,2,3,0,0,2,1,-0.4
belinma01,Marco Belinelli,NEW ORLEANS HORNETS,AWAY,PORTLAND TRAIL BLAZERS,LOSS,345,0,1,0,1,0,0,0,1,0,0,0,0,0,-0.4
brockjo01,Jon Brockman,MILWAUKEE BUCKS,HOME,DENVER NUGGETS,LOSS,193,0,0,0,0,0,0,0,0,0,0,0,0,1,-0.4
crawfja01,Jamal Crawford,ATLANTA HAWKS,AWAY,NEW YORK KNICKS,LOSS,1538,3,11,1,3,0,1,0,0,1,0,0,1,1,-0.6
duhonch01,Chris Duhon,ORLANDO MAGIC,HOME,WASHINGTON WIZARDS,WIN,227,0,2,0,0,0,0,0,0,1,0,0,0,0,-0.7
elsonfr01,Francisco Elson,UTAH JAZZ,HOME,GOLDEN STATE WARRIORS,LOSS,158,0,1,0,0,0,0,0,0,0,0,0,0,0,-0.7
fesenky01,Kyrylo Fesenko,UTAH JAZZ,HOME,GOLDEN STATE WARRIORS,LOSS,369,0,0,0,0,0,0,0,0,1,0,0,1,1,-0.7
armsthi01,Hilton Armstrong,WASHINGTON WIZARDS,AWAY,ORLANDO MAGIC,LOSS,482,0,0,0,0,0,0,0,1,1,0,0,1,2,-0.8
haywago01,Gordon Hayward,UTAH JAZZ,HOME,GOLDEN STATE WARRIORS,LOSS,2008,2,6,0,2,1,2,0,3,1,1,0,3,4,-0.8
jianlyi01,Yi Jianlian,WASHINGTON WIZARDS,AWAY,ORLANDO MAGIC,LOSS,807,0,2,0,0,0,0,0,4,0,0,0,0,2,-1.0
bynuman01,Andrew Bynum,LOS ANGELES LAKERS,AWAY,CLEVELAND CAVALIERS,LOSS,1349,2,12,0,0,2,3,5,1,1,0,2,3,5,-1.1
richaqu01,Quentin Richardson,ORLANDO MAGIC,HOME,WASHINGTON WIZARDS,WIN,318,0,2,0,2,0,0,0,1,0,0,0,0,0,-1.1
clarkea01,Earl Clark,ORLANDO MAGIC,HOME,WASHINGTON WIZARDS,WIN,318,0,2,0,0,0,0,0,2,0,0,0,0,1,-1.2
cookbr01,Brian Cook,LOS ANGELES CLIPPERS,AWAY,MINNESOTA TIMBERWOLVES,WIN,78,0,0,0,0,0,2,0,0,0,0,0,0,1,-1.2
jennibr01,Brandon Jennings,MILWAUKEE BUCKS,HOME,DENVER NUGGETS,LOSS,1628,1,11,0,6,2,2,0,2,3,2,0,1,4,-1.2
johnswe01,Wesley Johnson,MINNESOTA TIMBERWOLVES,HOME,LOS ANGELES CLIPPERS,LOSS,596,0,2,0,2,0,0,1,1,0,1,0,2,0,-1.4
smithjr01,J.R. Smith,DENVER NUGGETS,AWAY,MILWAUKEE BUCKS,WIN,1368,1,5,0,1,1,2,0,3,0,0,0,1,2,-1.4
udohek01,Ekpe Udoh,GOLDEN STATE WARRIORS,AWAY,UTAH JAZZ,WIN,942,0,0,0,0,0,0,0,1,0,1,1,2,4,-1.6
gibsoda01,Daniel Gibson,CLEVELAND CAVALIERS,HOME,LOS ANGELES LAKERS,WIN,1334,1,6,0,1,1,1,0,1,3,0,0,3,1,-1.8
uzohbe01,Ben Uzoh,NEW JERSEY NETS,AWAY,BOSTON CELTICS,LOSS,86,0,2,0,0,0,0,0,0,0,0,0,0,1,-1.8
lawsoty01,Ty Lawson,DENVER NUGGETS,AWAY,MILWAUKEE BUCKS,WIN,712,0,2,0,0,0,0,0,1,0,1,0,2,0,-2.1
budinch01,Chase Budinger,HOUSTON ROCKETS,HOME,PHILADELPHIA 76ERS,LOSS,1089,0,6,0,4,0,0,0,2,1,1,0,0,1,-2.3
petrojo01,Johan Petro,NEW JERSEY NETS,AWAY,BOSTON CELTICS,LOSS,647,1,5,0,0,0,0,0,1,1,1,0,2,3,-2.3
afflaar01,Arron Afflalo,DENVER NUGGETS,AWAY,MILWAUKEE BUCKS,WIN,1743,1,5,1,2,0,0,0,1,0,0,0,1,4,-2.4
willima01,Mo Williams,CLEVELAND CAVALIERS,HOME,LOS ANGELES LAKERS,WIN,198,0,1,0,1,0,0,0,0,0,0,0,1,2,-2.5
stevede01,DeShawn Stevenson,DALLAS MAVERICKS,HOME,SACRAMENTO KINGS,WIN,808,1,4,1,2,0,0,0,0,0,1,0,3,3,-2.6
meeksjo01,Jodie Meeks,PHILADELPHIA 76ERS,AWAY,HOUSTON ROCKETS,WIN,936,0,2,0,2,0,0,0,1,0,0,0,1,2,-2.9
howarjo01,Josh Howard,WASHINGTON WIZARDS,AWAY,ORLANDO MAGIC,LOSS,1465,1,10,0,1,1,3,0,7,1,0,0,1,1,-3.0
mahinia01,Ian Mahinmi,DALLAS MAVERICKS,HOME,SACRAMENTO KINGS,WIN,443,0,0,0,0,0,0,0,1,0,0,0,1,6,-3.1
georgpa01,Paul George,INDIANA PACERS,AWAY,DETROIT PISTONS,LOSS,734,0,3,0,1,0,0,0,1,0,0,0,1,1,-3.2
radmavl01,Vladimir Radmanovic,GOLDEN STATE WARRIORS,AWAY,UTAH JAZZ,WIN,447,0,3,0,0,0,0,0,0,0,0,0,0,3,-3.3
