slug,name,team,location,opponent,outcome,seconds_played,made_field_goals,attempted_field_goals,made_three_point_field_goals,attempted_three_point_field_goals,made_free_throws,attempted_free_throws,offensive_rebounds,defensive_rebounds,assists,steals,blocks,turnovers,personal_fouls,game_score
anthoca01,Carmelo Anthony,DENVER NUGGETS,AWAY,HOUSTON ROCKETS,LOSS,2401,18,35,3,5,6,7,5,5,3,0,1,1,3,32.9
curryst01,Stephen Curry,GOLDEN STATE WARRIORS,HOME,LOS ANGELES LAKERS,LOSS,2030,11,19,5,9,2,2,0,5,9,1,0,0,4,27.3
brookaa01,Aaron Brooks,HOUSTON ROCKETS,HOME,DENVER NUGGETS,WIN,2083,11,17,2,4,7,9,0,1,9,0,0,3,1,25.9
gasolpa01,Pau Gasol,LOS ANGELES LAKERS,AWAY,GOLDEN STATE WARRIORS,WIN,2116,10,13,0,0,6,10,2,7,4,1,1,1,3,25.1
davisba01,Baron Davis,LOS ANGELES CLIPPERS,HOME,NEW ORLEANS HORNETS,LOSS,2228,8,14,0,3,2,2,0,2,17,2,1,1,3,24.4
martike02,Kevin Martin,HOUSTON ROCKETS,HOME,DENVER NUGGETS,WIN,2538,9,16,1,4,10,13,3,4,3,0,0,2,0,23.6
boozeca01,Carlos Boozer,UTAH JAZZ,HOME,WASHINGTON WIZARDS,WIN,1633,8,12,0,0,7,7,1,8,2,0,0,0,4,20.7
westda01,David West,NEW ORLEANS HORNETS,AWAY,LOS ANGELES CLIPPERS,WIN,2395,11,17,0,0,2,2,0,5,7,1,1,3,4,20.0
huntech01,Chris Hunter,GOLDEN STATE WARRIORS,HOME,LOS ANGELES LAKERS,LOSS,2158,8,14,0,0,6,6,3,4,1,1,1,0,3,19.9
willide01,Deron Williams,UTAH JAZZ,HOME,WASHINGTON WIZARDS,WIN,1775,7,14,0,1,3,5,0,5,11,2,0,1,1,19.0
douglto01,Toney Douglas,NEW YORK KNICKS,AWAY,PHILADELPHIA 76ERS,WIN,2212,7,13,2,6,4,4,0,1,7,3,0,3,2,18.1
collida01,Darren Collison,NEW ORLEANS HORNETS,AWAY,LOS ANGELES CLIPPERS,WIN,2880,8,13,2,3,0,0,1,2,14,0,0,4,3,18.0
holidjr01,Jrue Holiday,PHILADELPHIA 76ERS,HOME,NEW YORK KNICKS,LOSS,2486,7,14,2,6,2,2,3,5,6,3,1,3,5,17.5
odomla01,Lamar Odom,LOS ANGELES LAKERS,AWAY,GOLDEN STATE WARRIORS,WIN,1829,7,9,1,2,2,2,3,9,1,0,1,2,2,16.9
scolalu01,Luis Scola,HOUSTON ROCKETS,HOME,DENVER NUGGETS,WIN,2384,11,18,0,0,1,1,1,10,1,1,0,2,4,16.6
chandwi01,Wilson Chandler,NEW YORK KNICKS,AWAY,PHILADELPHIA 76ERS,WIN,2393,6,9,0,0,0,0,2,9,4,2,0,1,1,15.6
blatcan01,Andray Blatche,WASHINGTON WIZARDS,AWAY,UTAH JAZZ,LOSS,1942,9,19,0,0,6,8,5,1,4,1,0,4,4,15.5
bryanko01,Kobe Bryant,LOS ANGELES LAKERS,AWAY,GOLDEN STATE WARRIORS,WIN,2394,9,18,2,4,9,11,1,2,4,2,0,9,2,15.5
dalemsa01,Samuel Dalembert,PHILADELPHIA 76ERS,HOME,NEW YORK KNICKS,LOSS,2027,4,8,0,0,3,3,9,9,0,0,3,2,2,15.3
hilarne01,Nene Hilario,DENVER NUGGETS,AWAY,HOUSTON ROCKETS,LOSS,2338,5,14,0,0,5,6,4,6,5,1,3,2,2,15.2
garneke01,Kevin Garnett,BOSTON CELTICS,HOME,DETROIT PISTONS,WIN,1360,6,9,0,0,2,2,3,5,4,0,0,1,1,15.1
petermo01,Morris Peterson,NEW ORLEANS HORNETS,AWAY,LOS ANGELES CLIPPERS,WIN,2560,6,12,5,10,0,0,1,7,5,0,0,1,3,15.1
artesro01,Metta World Peace,LOS ANGELES LAKERS,AWAY,GOLDEN STATE WARRIORS,WIN,2255,5,8,2,5,0,0,0,6,5,0,1,0,0,14.4
piercpa01,Paul Pierce,BOSTON CELTICS,HOME,DETROIT PISTONS,WIN,1008,4,6,1,3,6,7,0,1,3,2,1,1,5,14.1
okurme01,Mehmet Okur,UTAH JAZZ,HOME,WASHINGTON WIZARDS,WIN,1415,6,7,1,1,1,2,1,5,2,1,3,3,2,14.0
bynuman01,Andrew Bynum,LOS ANGELES LAKERS,AWAY,GOLDEN STATE WARRIORS,WIN,1810,6,11,0,0,7,8,7,7,1,0,3,8,3,13.9
goodedr01,Drew Gooden,LOS ANGELES CLIPPERS,HOME,NEW ORLEANS HORNETS,LOSS,2410,8,14,0,0,2,3,1,8,2,1,0,2,2,13.7
petrojo01,Johan Petro,DENVER NUGGETS,AWAY,HOUSTON ROCKETS,LOSS,1452,4,6,0,0,3,3,3,7,2,1,0,0,4,13.4
jordade01,DeAndre Jordan,LOS ANGELES CLIPPERS,HOME,NEW ORLEANS HORNETS,LOSS,1408,5,9,0,0,1,1,7,4,2,0,0,1,0,13.2
finlemi01,Michael Finley,BOSTON CELTICS,HOME,DETROIT PISTONS,WIN,818,6,7,3,4,0,0,0,1,2,0,1,1,3,12.7
gallida01,Danilo Gallinari,NEW YORK KNICKS,AWAY,PHILADELPHIA 76ERS,WIN,2465,8,16,3,6,2,3,0,2,1,1,0,1,3,12.7
millemi01,Mike Miller,WASHINGTON WIZARDS,AWAY,UTAH JAZZ,LOSS,1978,5,11,1,2,3,4,1,9,3,0,0,0,2,12.6
allenra02,Ray Allen,BOSTON CELTICS,HOME,DETROIT PISTONS,WIN,1631,6,9,2,4,1,1,0,0,2,0,0,0,0,12.5
bynumwi01,Will Bynum,DETROIT PISTONS,AWAY,BOSTON CELTICS,LOSS,2070,6,11,0,1,4,4,1,1,6,0,0,2,4,12.3
gainesu01,Sundiata Gaines,UTAH JAZZ,HOME,WASHINGTON WIZARDS,WIN,1105,6,7,2,3,1,3,0,2,2,1,0,2,1,12.3
georgde01,Devean George,GOLDEN STATE WARRIORS,HOME,LOS ANGELES LAKERS,LOSS,1037,5,8,3,6,0,0,0,2,1,3,0,0,4,12.1
outlatr01,Travis Outlaw,LOS ANGELES CLIPPERS,HOME,NEW ORLEANS HORNETS,LOSS,1314,4,8,1,2,4,4,2,5,0,0,0,0,0,11.9
matthwe02,Wesley Matthews,UTAH JAZZ,HOME,WASHINGTON WIZARDS,WIN,1893,4,7,2,4,2,2,0,4,2,1,1,0,3,11.8
okafoem01,Emeka Okafor,NEW ORLEANS HORNETS,AWAY,LOS ANGELES CLIPPERS,WIN,1721,6,9,0,0,0,2,1,13,0,0,1,1,0,11.6
arizatr01,Trevor Ariza,HOUSTON ROCKETS,HOME,DENVER NUGGETS,WIN,2178,5,9,1,2,1,2,0,5,4,2,0,1,3,11.4
tollian01,Anthony Tolliver,GOLDEN STATE WARRIORS,HOME,LOS ANGELES LAKERS,LOSS,1650,5,8,3,5,1,1,1,3,2,0,0,0,5,11.4
perkike01,Kendrick Perkins,BOSTON CELTICS,HOME,DETROIT PISTONS,WIN,1447,4,8,0,0,3,6,1,7,2,0,3,0,2,11.3
daniema01,Marquis Daniels,BOSTON CELTICS,HOME,DETROIT PISTONS,WIN,1771,5,7,0,1,1,2,1,4,4,1,0,1,3,11.2
fishede01,Derek Fisher,LOS ANGELES LAKERS,AWAY,GOLDEN STATE WARRIORS,WIN,1993,3,5,0,2,3,3,1,5,5,1,0,1,3,11.2
mcgratr01,Tracy McGrady,NEW YORK KNICKS,AWAY,PHILADELPHIA 76ERS,WIN,1555,5,12,4,5,0,0,2,2,2,0,0,0,0,11.0
summeda01,DaJuan Summers,DETROIT PISTONS,AWAY,BOSTON CELTICS,LOSS,1118,4,5,2,2,2,2,0,1,0,1,0,0,2,10.6
ellismo01,Monta Ellis,GOLDEN STATE WARRIORS,HOME,LOS ANGELES LAKERS,LOSS,2711,5,23,1,6,2,2,1,0,11,5,0,1,2,10.5
davisgl01,Glen Davis,BOSTON CELTICS,HOME,DETROIT PISTONS,WIN,1520,6,8,0,0,1,2,2,2,1,0,0,1,2,10.3
hamilri01,Richard Hamilton,DETROIT PISTONS,AWAY,BOSTON CELTICS,LOSS,1904,4,7,1,3,5,7,0,0,5,0,0,2,3,10.2
leeda02,David Lee,NEW YORK KNICKS,AWAY,PHILADELPHIA 76ERS,WIN,2011,4,6,0,0,0,2,3,13,3,1,0,2,4,10.1
korveky01,Kyle Korver,UTAH JAZZ,HOME,WASHINGTON WIZARDS,WIN,1479,5,9,0,1,1,2,1,2,4,1,0,1,1,10.0
butlera01,Rasual Butler,LOS ANGELES CLIPPERS,HOME,NEW ORLEANS HORNETS,LOSS,2151,8,19,3,11,0,0,2,2,1,0,0,1,2,9.8
maggeco01,Corey Maggette,GOLDEN STATE WARRIORS,HOME,LOS ANGELES LAKERS,LOSS,2099,9,15,0,0,0,0,1,3,1,1,0,3,4,9.8
maxieja01,Jason Maxiell,DETROIT PISTONS,AWAY,BOSTON CELTICS,LOSS,1786,4,8,0,0,3,4,3,7,0,0,2,2,1,9.8
watsocj01,C.J. Watson,GOLDEN STATE WARRIORS,HOME,LOS ANGELES LAKERS,LOSS,1423,4,10,0,1,1,2,1,1,4,3,0,0,1,9.6
geeal01,Alonzo Gee,WASHINGTON WIZARDS,AWAY,UTAH JAZZ,LOSS,903,3,4,1,1,3,4,1,2,2,1,0,2,1,9.3
smithjr01,J.R. Smith,DENVER NUGGETS,AWAY,HOUSTON ROCKETS,LOSS,1741,8,18,0,5,1,2,0,0,4,0,0,0,2,9.2
thornma01,Marcus Thornton,NEW ORLEANS HORNETS,AWAY,LOS ANGELES CLIPPERS,WIN,1828,7,18,2,5,1,1,1,3,4,0,0,2,1,9.2
afflaar01,Arron Afflalo,DENVER NUGGETS,AWAY,HOUSTON ROCKETS,LOSS,2040,5,9,2,6,0,0,1,5,2,0,0,1,3,9.1
billuch01,Chauncey Billups,DENVER NUGGETS,AWAY,HOUSTON ROCKETS,LOSS,1910,7,13,3,4,0,0,1,1,4,0,0,3,6,9.1
harrial01,Al Harrington,NEW YORK KNICKS,AWAY,PHILADELPHIA 76ERS,WIN,1845,4,10,2,6,5,6,0,3,2,0,0,2,3,8.3
greenwi01,Willie Green,PHILADELPHIA 76ERS,HOME,NEW YORK KNICKS,LOSS,2043,8,14,1,2,0,2,0,1,2,0,0,2,3,8.1
jerebjo01,Jonas Jerebko,DETROIT PISTONS,AWAY,BOSTON CELTICS,LOSS,1269,4,9,0,4,2,2,1,2,1,3,0,2,3,7.1
iguodan01,Andre Iguodala,PHILADELPHIA 76ERS,HOME,NEW YORK KNICKS,LOSS,2580,5,22,0,7,4,8,5,12,2,1,1,2,1,6.8
wallara01,Rasheed Wallace,BOSTON CELTICS,HOME,DETROIT PISTONS,WIN,1002,3,4,0,1,2,2,0,4,1,0,1,1,3,6.8
anderda03,David Andersen,HOUSTON ROCKETS,HOME,DENVER NUGGETS,WIN,577,2,3,1,1,0,0,1,2,1,1,0,0,1,6.3
singlja01,James Singleton,WASHINGTON WIZARDS,AWAY,UTAH JAZZ,LOSS,1889,1,6,0,0,4,4,4,6,0,1,2,1,5,6.2
brownsh01,Shannon Brown,LOS ANGELES LAKERS,AWAY,GOLDEN STATE WARRIORS,WIN,1155,2,8,1,5,4,5,0,5,2,0,2,2,0,6.1
mcgeeja01,JaVale McGee,WASHINGTON WIZARDS,AWAY,UTAH JAZZ,LOSS,1430,3,8,0,0,1,2,2,6,0,0,3,1,1,6.1
foyera01,Randy Foye,WASHINGTON WIZARDS,AWAY,UTAH JAZZ,LOSS,1467,3,6,1,3,1,2,1,0,5,0,0,2,3,5.6
robinna01,Nate Robinson,BOSTON CELTICS,HOME,DETROIT PISTONS,WIN,1259,3,8,1,3,1,2,0,3,4,0,0,0,4,5.3
rondora01,Rajon Rondo,BOSTON CELTICS,HOME,DETROIT PISTONS,WIN,1722,1,5,0,0,1,2,1,1,6,4,0,3,1,5.3
grayaa01,Aaron Gray,NEW ORLEANS HORNETS,AWAY,LOS ANGELES CLIPPERS,WIN,625,4,5,0,0,0,0,1,2,0,0,0,1,3,5.2
hayesch01,Chuck Hayes,HOUSTON ROCKETS,HOME,DENVER NUGGETS,WIN,1134,2,3,0,0,2,2,0,1,2,0,0,0,4,4.8
songada01,Darius Songaila,NEW ORLEANS HORNETS,AWAY,LOS ANGELES CLIPPERS,WIN,1019,4,6,0,0,0,0,0,2,0,1,0,1,3,4.8
dayeau01,Austin Daye,DETROIT PISTONS,AWAY,BOSTON CELTICS,LOSS,1325,3,3,0,0,0,1,0,1,1,3,2,5,1,4.7
milescj01,C.J. Miles,UTAH JAZZ,HOME,WASHINGTON WIZARDS,WIN,2174,1,7,0,3,2,4,1,3,4,3,1,1,3,4.6
lowryky01,Kyle Lowry,HOUSTON ROCKETS,HOME,DENVER NUGGETS,WIN,1087,3,7,0,1,2,2,1,1,2,0,0,1,3,4.5
gordobe01,Ben Gordon,DETROIT PISTONS,AWAY,BOSTON CELTICS,LOSS,1380,4,10,1,3,2,2,0,2,2,0,0,2,3,4.4
hilljo01,Jordan Hill,HOUSTON ROCKETS,HOME,DENVER NUGGETS,WIN,686,0,1,0,0,5,6,2,3,0,0,0,1,2,4.4
brandel01,Elton Brand,PHILADELPHIA 76ERS,HOME,NEW YORK KNICKS,LOSS,1332,3,8,0,0,1,2,3,0,1,1,1,2,1,4.3
cartean01,Anthony Carter,DENVER NUGGETS,AWAY,HOUSTON ROCKETS,LOSS,1100,1,3,1,2,0,0,1,1,2,1,2,1,2,4.3
livinsh01,Shaun Livingston,WASHINGTON WIZARDS,AWAY,UTAH JAZZ,LOSS,1392,3,8,0,0,0,0,2,1,0,1,2,1,1,4.3
atkinch01,Chucky Atkins,DETROIT PISTONS,AWAY,BOSTON CELTICS,LOSS,810,2,3,1,2,1,1,0,0,1,1,0,2,1,4.0
anderch01,Chris Andersen,DENVER NUGGETS,AWAY,HOUSTON ROCKETS,LOSS,978,1,1,0,0,1,2,1,3,0,0,0,0,0,3.9
allento01,Tony Allen,BOSTON CELTICS,HOME,DETROIT PISTONS,WIN,431,0,1,0,0,2,2,0,0,5,1,0,2,0,3.8
kaponja01,Jason Kapono,PHILADELPHIA 76ERS,HOME,NEW YORK KNICKS,LOSS,1520,3,9,2,6,0,0,0,2,1,1,0,1,1,3.8
battish01,Shane Battier,HOUSTON ROCKETS,HOME,DENVER NUGGETS,WIN,1490,2,5,2,4,0,0,0,2,1,0,1,0,4,3.7
blakest01,Steve Blake,LOS ANGELES CLIPPERS,HOME,NEW ORLEANS HORNETS,LOSS,944,1,2,1,2,0,0,1,2,2,0,0,1,1,3.3
gordoer01,Eric Gordon,LOS ANGELES CLIPPERS,HOME,NEW ORLEANS HORNETS,LOSS,2099,3,12,0,7,4,7,0,0,3,2,0,2,1,3.3
wrighju01,Julian Wright,NEW ORLEANS HORNETS,AWAY,LOS ANGELES CLIPPERS,WIN,1372,2,5,0,0,0,0,1,2,1,1,0,1,0,3.3
willish02,Shelden Williams,BOSTON CELTICS,HOME,DETROIT PISTONS,WIN,431,2,2,0,0,0,0,0,0,0,0,0,0,1,3.0
obertfa01,Fabricio Oberto,WASHINGTON WIZARDS,AWAY,UTAH JAZZ,LOSS,499,0,0,0,0,2,2,1,1,0,0,0,0,2,2.2
youngni01,Nick Young,WASHINGTON WIZARDS,AWAY,UTAH JAZZ,LOSS,722,2,5,0,2,2,2,0,1,1,0,0,1,3,2.1
farmajo01,Jordan Farmar,LOS ANGELES LAKERS,AWAY,GOLDEN STATE WARRIORS,WIN,498,0,2,0,1,2,2,0,0,2,0,0,0,0,2.0
millspa01,Paul Millsap,UTAH JAZZ,HOME,WASHINGTON WIZARDS,WIN,1690,4,11,0,0,2,6,1,4,0,0,0,0,6,1.8
villach01,Charlie Villanueva,DETROIT PISTONS,AWAY,BOSTON CELTICS,LOSS,1217,1,4,0,1,2,2,1,2,0,0,0,0,3,1.7
smithja02,Jason Smith,PHILADELPHIA 76ERS,HOME,NEW YORK KNICKS,LOSS,467,0,0,0,0,1,2,1,2,0,0,0,0,2,1.1
brownkw01,Kwame Brown,DETROIT PISTONS,AWAY,BOSTON CELTICS,LOSS,1094,1,5,0,0,1,6,2,3,1,0,0,0,0,0.9
rodrise01,Sergio Rodriguez,NEW YORK KNICKS,AWAY,PHILADELPHIA 76ERS,WIN,358,1,3,0,0,0,0,0,0,1,0,0,0,1,0.6
jeffeot01,Othyus Jeffers,UTAH JAZZ,HOME,WASHINGTON WIZARDS,WIN,327,0,2,0,0,2,4,1,0,0,1,0,1,0,0.5
kamanch01,Chris Kaman,LOS ANGELES CLIPPERS,HOME,NEW ORLEANS HORNETS,LOSS,1846,3,15,0,0,2,2,0,3,3,0,0,0,3,0.5
budinch01,Chase Budinger,HOUSTON ROCKETS,HOME,DENVER NUGGETS,WIN,243,0,0,0,0,0,0,0,1,0,0,0,0,0,0.3
willire02,Reggie Williams,GOLDEN STATE WARRIORS,HOME,LOS ANGELES LAKERS,LOSS,258,0,0,0,0,0,0,0,0,0,0,0,0,0,0.0
youngth01,Thaddeus Young,PHILADELPHIA 76ERS,HOME,NEW YORK KNICKS,LOSS,1660,2,8,1,3,1,2,0,2,2,0,0,2,2,0.0
vujacsa01,Sasha Vujacic,LOS ANGELES LAKERS,AWAY,GOLDEN STATE WARRIORS,WIN,352,0,1,0,1,1,1,0,1,1,0,0,1,1,-0.1
fesenky01,Kyrylo Fesenko,UTAH JAZZ,HOME,WASHINGTON WIZARDS,WIN,909,2,6,0,0,0,0,2,1,1,0,1,2,5,-0.3
houseed01,Eddie House,NEW YORK KNICKS,AWAY,PHILADELPHIA 76ERS,WIN,659,0,3,0,0,0,0,0,1,1,1,0,0,1,-0.5
morroan01,Anthony Morrow,GOLDEN STATE WARRIORS,HOME,LOS ANGELES LAKERS,LOSS,1035,1,3,1,3,0,0,0,0,0,0,0,1,3,-0.9
thornal01,Al Thornton,WASHINGTON WIZARDS,AWAY,UTAH JAZZ,LOSS,1498,1,9,0,0,2,2,2,2,0,0,0,1,0,-0.9
boykiea01,Earl Boykins,WASHINGTON WIZARDS,AWAY,UTAH JAZZ,LOSS,507,1,5,0,1,0,0,0,0,1,0,0,1,0,-1.4
carnero01,Rodney Carney,PHILADELPHIA 76ERS,HOME,NEW YORK KNICKS,LOSS,285,1,3,0,1,0,0,0,0,0,0,0,1,2,-1.5
grahajo01,Joey Graham,DENVER NUGGETS,AWAY,HOUSTON ROCKETS,LOSS,440,0,0,0,0,0,0,0,0,0,0,0,0,4,-1.6
rossqu01,Quinton Ross,WASHINGTON WIZARDS,AWAY,UTAH JAZZ,LOSS,173,0,3,0,0,0,0,0,0,1,0,0,0,1,-1.8
princta01,Tayshaun Prince,DETROIT PISTONS,AWAY,BOSTON CELTICS,LOSS,427,0,3,0,0,0,0,0,0,0,0,0,0,0,-2.1
walkebi01,Henry Walker,NEW YORK KNICKS,AWAY,PHILADELPHIA 76ERS,WIN,902,1,5,0,2,0,0,0,0,0,0,0,1,3,-3.3
